ABAT	ABCA10
ABAT	ANP32A
ABAT	KDM5C
ABAT	SRSF1
ABAT	TMEM39B
ABAT	USP7
ABCA10	ABCA13
ABCA10	CLCN4
ABCA10	DIPK2A
ABCA10	GRM7
ABCA10	MSANTD2
ABCA10	U2AF2
ABCA13	ABCA2
ABCA13	CHRM3
ABCA13	NPTN
ABCA13	PCDH11X
ABCA13	PRKCA
ABCA13	SMG6
ABCA13	WWOX
ABCA2	ABCA7
ABCA2	AR
ABCA2	CHD1
ABCA2	GBE1
ABCA2	PAX6
ABCA7	ABCE1
ABCA7	APH1A
ABCA7	HEPACAM
ABCA7	PTPRS
ABCA7	SMG6
ABCA7	ZMIZ1
ABCE1	ABL2
ABCE1	CELF4
ABCE1	CLTCL1
ABCE1	GABRB3
ABCE1	PTDSS1
ABCE1	TRPM7
ABL2	ACAP2
ABL2	ACY1
ABL2	AGMO
ABL2	GRIN1
ABL2	HTR3A
ABL2	KIF13B
ABL2	REEP3
ABL2	WDR5
ACAP2	ACE
ACAP2	ASTN2
ACAP2	GRK4
ACAP2	IL1R2
ACAP2	KIF13B
ACAP2	NCKAP5
ACAP2	PCDHA6
ACAP2	PRKCB
ACE	ACHE
ACE	CLCN4
ACE	GRB10
ACE	NACC1
ACE	PRKCB
ACE	QRICH1
ACE	RGS7
ACHE	ACTB
ACHE	CHD9
ACHE	MAP4K1
ACHE	PCCA
ACHE	PREX1
ACHE	PRKAR1B
ACHE	SHANK3
ACTB	ACTL6B
ACTB	ATP6V0A2
ACTB	ERMN
ACTB	HDAC4
ACTB	KCNH1
ACTB	KLF7
ACTB	NFE2L3
ACTB	SETD5
ACTB	ZMYND8
ACTL6B	ACTN4
ACTL6B	C12orf57
ACTL6B	CCT4
ACTL6B	CUL3
ACTL6B	GRK4
ACTL6B	PAX6
ACTL6B	SAMD11
ACTL6B	SNTG2
ACTL6B	TBX1
ACTL6B	TOP3B
ACTN4	ACY1
ACTN4	CACNA1H
ACTN4	CACNB2
ACTN4	CAMK2B
ACTN4	DLGAP3
ACTN4	FOXP1
ACTN4	NTNG1
ACTN4	USP15
ACY1	ADA
ACY1	GALNT8
ACY1	HACE1
ACY1	HLA-DRB1
ACY1	KCNQ3
ACY1	LAS1L
ACY1	LDLR
ACY1	NOVA2
ACY1	SLC6A1
ACY1	SYP
ACY1	VAMP2
ADA	ADCY1
ADA	ALG6
ADA	CIB2
ADA	HEPACAM
ADA	SNTG2
ADA	SNX14
ADA	TNRC6B
ADCY1	ADCY3
ADCY1	DNAH3
ADCY1	DNM1
ADCY1	ECPAS
ADCY1	KIF13B
ADCY1	NUP133
ADCY1	OTX1
ADCY1	POLA2
ADCY1	RIMS1
ADCY3	ADCY5
ADCY3	CAPN12
ADCY3	GNAS
ADCY3	GPHN
ADCY3	KCNK7
ADCY3	TRAPPC6B
ADCY3	ZNF644
ADCY5	ADGRB1
ADCY5	EEF1A2
ADCY5	HTR3A
ADCY5	PLXNA4
ADCY5	TAF6
ADCY5	TBCEL
ADCY5	TMLHE
ADCY5	ZC3H11A
ADGRB1	ADGRL1
ADGRB1	GRIK4
ADGRB1	HEPACAM
ADGRB1	KCNMA1
ADGRB1	KCTD13
ADGRB1	MSR1
ADGRB1	PC
ADGRB1	PLXNA3
ADGRB1	SCGN
ADGRB1	TNPO3
ADGRB1	TRIM8
ADGRL1	ADK
ADGRL1	ARHGAP5
ADGRL1	ARID1B
ADGRL1	ATP10A
ADGRL1	COL28A1
ADGRL1	HCN1
ADGRL1	KDM4C
ADGRL1	MBD6
ADGRL1	MTF1
ADGRL1	NPTN
ADGRL1	PSMC5
ADGRL1	PTPRB
ADK	ADNP
ADK	CACNB2
ADK	CCNK
ADK	GPC4
ADK	KCNN2
ADK	PHLPP1
ADNP	ADORA3
ADNP	GPD2
ADNP	LRP1
ADNP	PER2
ADNP	RORA
ADNP	SLC9A9
ADNP	SRGAP3
ADNP	TMEM39B
ADORA2A	ADRB2
ADORA2A	CACNA2D1
ADORA2A	CACNB2
ADORA2A	CIB2
ADORA2A	DPYD
ADORA2A	FGFR1
ADORA2A	LRRC1
ADORA2A	MAP1B
ADORA2A	PITX1
ADORA2A	RAB11FIP4
ADORA2A	SLC12A5
ADORA2A	SLC25A12
ADORA2A	TRIM32
ADORA3	ADSL
ADORA3	DIPK2A
ADORA3	ICA1
ADORA3	KCNH5
ADORA3	SETD2
ADRB2	AR
ADRB2	CA6
ADRB2	KIF1A
ADRB2	NEGR1
ADRB2	NUP133
ADRB2	OR2T10
ADRB2	TET3
ADRB2	USP45
ADRB2	ZNF559
ADSL	ADSS2
ADSL	AGAP5
ADSL	CACNB2
ADSL	HMGN1
ADSL	PCDH10
ADSL	PHF3
ADSL	PRUNE2
ADSL	VIL1
ADSL	VPS54
ADSL	WAC
ADSS2	AFF2
ADSS2	DIP2A
ADSS2	GRIK4
ADSS2	KCNS3
ADSS2	NTNG1
ADSS2	SLC38A10
ADSS2	SON
ADSS2	TAF6
AFF2	AGAP1
AFF2	BAIAP2L1
AFF2	CAPZA2
AFF2	CAT
AFF2	CNTN6
AFF2	GRK4
AFF2	KMT5B
AFF2	NCOA1
AFF2	NFIB
AFF2	RAB2A
AGAP1	AGAP2
AGAP1	DVL3
AGAP1	PRKCA
AGAP1	RNU4-2
AGAP1	RPS6KA2
AGAP1	UBE2H
AGAP1	ZBTB18
AGAP2	AGAP5
AGAP2	PCDH11X
AGAP2	PCDHA12
AGAP5	AGBL4
AGAP5	CDH8
AGAP5	CIC
AGAP5	CPT2
AGAP5	CTCF
AGAP5	HIVEP3
AGAP5	INPP1
AGAP5	PRKCA
AGAP5	TAF1
AGAP5	TRAP1
AGAP5	YY1
AGBL4	AGMO
AGBL4	CNTNAP5
AGBL4	LNPK
AGBL4	NCKAP5
AGBL4	PTPN11
AGMO	AGO1
AGMO	KCND2
AGMO	RIMS2
AGMO	TRAPPC9
AGMO	TRPM7
AGMO	ZWILCH
AGO1	AGO2
AGO1	CNKSR2
AGO1	CNR1
AGO1	KATNAL2
AGO1	MACF1
AGO1	SLC25A12
AGO1	SNTG2
AGO1	SSR4
AGO2	AGO3
AGO2	DDC
AGO2	DPP10
AGO2	DYNC1H1
AGO2	PACS2
AGO3	AGO4
AGO3	FAM98C
AGO3	KCND2
AGO3	MSL3
AGO3	SMARCA4
AGO3	ZC3H11A
AGO4	AGTR2
AGO4	AKAP9
AGO4	COL12A1
AGO4	GRIK3
AGO4	HNRNPK
AGO4	KCNS3
AGO4	MBD1
AGO4	NTRK2
AGO4	SENP1
AGTR2	AHDC1
AGTR2	HNRNPUL2
AGTR2	KCTD13
AGTR2	TTN
AHDC1	AHI1
AHDC1	CDK16
AHDC1	PRKCB
AHDC1	RAP1A
AHDC1	SKI
AHI1	AHNAK
AHI1	CUL7
AHI1	EIF4G1
AHI1	TBC1D23
AHI1	ZBTB21
AHNAK	AKAP9
AHNAK	DOCK8
AHNAK	DRD1
AHNAK	ERMN
AHNAK	GRIP1
AHNAK	SERPINE1
AHNAK	SLC12A5
AHNAK	TNPO3
AHNAK	UBAP2L
AKAP9	ALDH1A3
AKAP9	CADPS
AKAP9	GPC5
AKAP9	PRKD1
AKAP9	PRPF19
AKAP9	SYP
AKAP9	TRAP1
AKAP9	ZC3H4
AKAP9	ZNF532
ALDH1A3	ALDH1L1
ALDH1A3	MDGA2
ALDH1A3	PACS1
ALDH1A3	PACS2
ALDH1A3	PHF3
ALDH1A3	PRR25
ALDH1L1	ALDH5A1
ALDH1L1	CAMK2B
ALDH1L1	CTNNA2
ALDH1L1	H1-4
ALDH1L1	IKZF1
ALDH1L1	PCDHA1
ALDH1L1	PHF8
ALDH1L1	RFX7
ALDH1L1	SRSF11
ALDH5A1	ALG6
ALDH5A1	CHD7
ALDH5A1	DPP10
ALDH5A1	NAV3
ALG6	AMPD1
ALG6	CX3CR1
ALG6	GRIN1
ALG6	TSPAN7
ALG6	WDR37
AMPD1	AMT
AMPD1	CACNA1A
AMPD1	CPZ
AMPD1	HCFC1
AMPD1	HTR3A
AMPD1	NTRK2
AMPD1	PAK1
AMPD1	VASH1
AMPD1	ZFX
AMT	ANK2
AMT	ARHGAP32
AMT	MYH9
ANK2	ANK3
ANK2	HNRNPD
ANK2	IL1R2
ANK2	QRICH1
ANK2	SPRY2
ANK3	ANKRD11
ANK3	DDX23
ANK3	GPC5
ANK3	GPR85
ANK3	SIN3B
ANK3	TCF7L2
ANK3	TERF2
ANKRD11	ANKRD17
ANKRD11	AVPR1A
ANKRD11	CHD3
ANKRD11	FHIT
ANKRD11	HS3ST5
ANKRD11	PLEKHA8
ANKRD11	SCN8A
ANKRD11	SCP2
ANKRD17	ANKS1B
ANKRD17	GBE1
ANKRD17	NMT1
ANKRD17	PSMD6
ANKS1B	ANP32A
ANKS1B	BRSK2
ANKS1B	BSN
ANKS1B	CACNA1B
ANKS1B	CHMP1A
ANKS1B	LRRC4
ANKS1B	POLA2
ANKS1B	SCAF4
ANP32A	ANXA1
ANP32A	CNTN5
ANP32A	CTNNB1
ANP32A	FHIT
ANP32A	FOXG1
ANP32A	IL1RAPL1
ANP32A	NCAPH2
ANP32A	POMT1
ANP32A	QRICH1
ANP32A	RNU5B-1
ANXA1	AP1S2
ANXA1	CHD4
ANXA1	DAPP1
ANXA1	DIXDC1
ANXA1	FAN1
ANXA1	KIF14
ANXA1	PCDHA8
ANXA1	PON1
ANXA1	PRKCA
ANXA1	RUNX1T1
AP1S2	AP2M1
AP1S2	CC2D1A
AP1S2	DENND2B
AP1S2	FRMPD4
AP1S2	GABRB3
AP1S2	OR1C1
AP1S2	RAD21L1
AP1S2	TFE3
AP1S2	TNRC6C
AP2M1	AP2S1
AP2M1	BCORL1
AP2M1	EPHB2
AP2M1	MYO1E
AP2M1	TERB2
AP2S1	APBA2
AP2S1	CHD1
AP2S1	HLA-DRB1
AP2S1	LILRB2
APBA2	APBB1
APBA2	BACE1
APBA2	PLCD4
APBA2	SGSM3
APBA2	SIN3B
APBB1	APH1A
APBB1	CACNA1A
APBB1	EHMT1
APBB1	ERBIN
APBB1	P2RX5
APBB1	PHLPP1
APH1A	ADORA2A
APH1A	CCIN
APH1A	GGNBP2
APH1A	KCNH7
APH1A	KPTN
APH1A	PCDHAC2
APH1A	RLIM
AR	ARF3
AR	C15orf62
AR	MED13L
AR	MSRA
ARF3	ARHGAP11B
ARF3	DLX2
ARF3	GIGYF2
ARF3	PLAUR
ARF3	SETD1A
ARF3	VPS13B
ARHGAP11B	ARHGAP32
ARHGAP11B	C12orf57
ARHGAP11B	CAMK2A
ARHGAP11B	CDC42BPB
ARHGAP11B	CXXC5
ARHGAP11B	ERMN
ARHGAP11B	FOXP1
ARHGAP11B	NSD2
ARHGAP11B	PCDHA13
ARHGAP11B	SETD1A
ARHGAP11B	SNX14
ARHGAP30	ARNT2
ARHGAP30	CACNB2
ARHGAP30	DDX3X
ARHGAP30	KCNH7
ARHGAP30	NINL
ARHGAP30	POT1
ARHGAP30	SNAP25
ARHGAP32	ARHGAP5
ARHGAP32	CADPS
ARHGAP32	CADPS2
ARHGAP32	ERMN
ARHGAP32	HYDIN
ARHGAP32	KDM3B
ARHGAP32	TRIM32
ARHGAP32	YWHAZ
ARHGAP5	ARHGEF10
ARHGAP5	CSNK2B
ARHGAP5	IL1RAPL2
ARHGAP5	PITX1
ARHGAP5	UBE3C
ARHGAP5	UBR5
ARHGEF10	ARHGEF2
ARHGEF10	ASTN2
ARHGEF10	CELF6
ARHGEF10	FRG1
ARHGEF10	GALNT8
ARHGEF10	MED13L
ARHGEF10	PBX1
ARHGEF10	TAF1C
ARHGEF10	USP30
ARHGEF10	YWHAG
ARHGEF2	ARHGEF9
ARHGEF2	CUL4B
ARHGEF2	PPP3CA
ARHGEF2	VIL1
ARHGEF9	ARID1A
ARHGEF9	GBE1
ARHGEF9	HNRNPF
ARHGEF9	KCNA2
ARHGEF9	MED23
ARHGEF9	TRPC4
ARID1A	ARID1B
ARID1A	DDC
ARID1A	MAGEL2
ARID1A	PER2
ARID1A	RNU4-2
ARID1B	ARID2
ARID1B	CARD11
ARID1B	NXF1
ARID1B	ROBO2
ARID1B	TSHZ1
ARID2	ARHGAP30
ARID2	CASKIN1
ARID2	FOXP2
ARID2	PDHA1
ARID2	TCF20
ARID2	TLK2
ARNT2	ARX
ARNT2	CADPS2
ARNT2	CNTN4
ARNT2	GALNT8
ARNT2	HTR2C
ARNT2	KNG1
ARNT2	OR52M1
ARNT2	RAP1A
ARNT2	SRRM2
ARX	ASAP2
ARX	FBXO33
ARX	HECW2
ARX	MAP4K1
ARX	PXDN
ARX	QRICH1
ARX	TFE3
ASAP2	ASB11
ASAP2	CHM
ASAP2	CNOT1
ASAP2	FBRSL1
ASAP2	GALNT8
ASAP2	LRBA
ASAP2	MAGEC3
ASAP2	SLC1A2
ASAP2	TRAPPC6B
ASB11	ASB14
ASB11	DDX53
ASB11	ERMN
ASB11	HECTD4
ASB11	HEPACAM
ASB11	KCNH1
ASB11	PHF3
ASB11	PRR12
ASB11	VSIG4
ASB14	ASH1L
ASB14	CNOT3
ASB14	DVL3
ASB14	PABPC1
ASB14	PRKAR1B
ASB14	TRAP1
ASB14	VCP
ASB9	AVPR1B
ASB9	IGF1
ASB9	KIAA0232
ASB9	LZTS2
ASB9	SIK1
ASB9	STK39
ASH1L	ASMT
ASH1L	BAIAP2L1
ASH1L	ERG
ASH1L	KCTD13
ASH1L	KDM3B
ASH1L	KLHL20
ASH1L	ZNF292
ASMT	ASPM
ASMT	GAS2
ASMT	GRID1
ASMT	KCND3
ASMT	NEXMIF
ASMT	PHF7
ASPM	ASTN2
ASPM	BICRA
ASPM	CGNL1
ASPM	EBF3
ASPM	INPP1
ASPM	KCTD13
ASPM	KHDRBS2
ASPM	PRKD2
ASPM	PTCHD1-AS
ASPM	PTPN11
ASPM	SLC9A6
ASPM	TSPOAP1
ASTN2	ASXL3
ASTN2	ATP2B1
ASTN2	CHD3
ASTN2	MYO9B
ASTN2	SCN1A
ASTN2	ZFX
ASXL3	ATP10A
ASXL3	CAMK2A
ASXL3	CHD8
ASXL3	DYNC1H1
ASXL3	GRID1
ASXL3	KCNB1
ASXL3	NRXN1
ASXL3	RAB43
ASXL3	SLC25A27
ATP10A	ATP1A1
ATP10A	CC2D1A
ATP10A	COL12A1
ATP10A	DNAH3
ATP10A	SACS
ATP10A	TRPM6
ATP10A	UNC13A
ATP1A1	ATP1A3
ATP1A1	CASKIN1
ATP1A1	DYDC2
ATP1A1	OR52M1
ATP1A1	VCP
ATP1A1	WASF1
ATP1A3	ATP2B1
ATP1A3	CYFIP1
ATP1A3	FBXL13
ATP1A3	KCTD13
ATP1A3	MED12L
ATP1A3	PSMD11
ATP1A3	SETD5
ATP2B1	ATP2B2
ATP2B1	DOCK4
ATP2B1	GNB1L
ATP2B1	H4C3
ATP2B1	KCTD13
ATP2B1	NRCAM
ATP2B1	NUDCD2
ATP2B1	SYP
ATP2B1	TRPC6
ATP2B1	TSC1
ATP2B2	ATP6V0A2
ATP2B2	CLIP2
ATP2B2	KDM5B
ATP2B2	NKX2-2
ATP2B2	NUAK1
ATP2B2	SLC27A4
ATP2B2	TRPM1
ATP6V0A2	ATP9A
ATP6V0A2	CTPS1
ATP6V0A2	DPP6
ATP6V0A2	EBF3
ATP6V0A2	ERMN
ATP6V0A2	HLA-DRB1
ATP6V0A2	POMGNT1
ATP6V0A2	SLC7A7
ATP6V0A2	SMURF1
ATP9A	ATRX
ATP9A	CNKSR2
ATP9A	EXOC5
ATP9A	FBXL13
ATP9A	GRK4
ATP9A	MYO5A
ATP9A	SCN2A
ATP9A	ZBTB47
ATRX	ATXN2
ATRX	BCKDK
ATRX	CNTN3
ATRX	DUSP15
ATRX	FAT1
ATRX	IL1R2
ATRX	INTS1
ATRX	KCNK7
ATRX	LRFN5
ATRX	NFIB
ATRX	PCDH19
ATRX	QRICH1
ATXN2	AUTS2
ATXN2	GRK4
ATXN2	MAGEC3
ATXN2	PCLO
ATXN2	RPS10P2-AS1
ATXN2	YWHAE
AUTS2	AVPR1A
AUTS2	CTNND2
AUTS2	GPR85
AUTS2	GRID1
AUTS2	HTR3C
AUTS2	MARK1
AUTS2	NLGN4Y
AUTS2	RP11-1407O15.2
AVPR1A	AZGP1
AVPR1A	CACNB2
AVPR1A	CDH9
AVPR1A	DNAH17
AVPR1A	FRG1
AVPR1A	GRM5
AVPR1A	KCNC2
AVPR1A	PRKDC
AVPR1A	REEP3
AVPR1B	BICDL1
AVPR1B	CCNG1
AVPR1B	CGNL1
AVPR1B	GLIS1
AVPR1B	KDM1A
AVPR1B	MNT
AVPR1B	RAB11FIP4
AVPR1B	TBR1
AVPR1B	TSHZ3
AZGP1	BACE1
AZGP1	CAMK2B
AZGP1	CNTNAP2
AZGP1	KIF14
AZGP1	KIF1A
AZGP1	MLANA
AZGP1	MUC4
AZGP1	NFIX
AZGP1	NLGN1
AZGP1	NPFFR2
AZGP1	QRICH1
AZGP1	RAB11FIP5
BACE1	BAIAP2L1
BACE1	CREBBP
BACE1	KCNA2
BACE1	KDM5C
BACE1	MYO16
BACE1	RFX4
BACE1	SLC29A4
BACE1	TBX1
BAIAP2L1	BAZ2B
BAIAP2L1	KCNH7
BAIAP2L1	RPL10
BAIAP2L1	USP9Y
BAZ2B	BBS4
BAZ2B	PTK7
BAZ2B	TBL1XR1
BAZ2B	ZBTB18
BBS4	BCAS1
BBS4	MED13L
BBS4	PCDH11X
BBS4	PRR14L
BBS4	PRR25
BBS4	PTPRC
BBS4	SOX6
BBS4	ZNF517
BCAS1	BCKDK
BCAS1	GPD2
BCAS1	KCNJ15
BCAS1	MLANA
BCAS1	PCDHA12
BCAS1	PRR14L
BCAS1	UPF3B
BCKDK	BCL11A
BCKDK	CREBBP
BCKDK	GALNT8
BCKDK	ITGA8
BCKDK	KCTD13
BCKDK	PHF7
BCKDK	PTPRC
BCKDK	TDO2
BCL11A	BCL11B
BCL11A	DMPK
BCL11A	PLEKHA8
BCL11A	STAG1
BCL11A	TCF4
BCL11A	TRAP1
BCL11B	BCORL1
BCL11B	C15orf62
BCL11B	CACNG2
BCL11B	CAMK2D
BCL11B	NUAK1
BCL11B	PTBP2
BCL11B	PTPN11
BCORL1	BICRA
BCORL1	CUL3
BCORL1	CX3CR1
BCORL1	GNB1L
BCORL1	GPD2
BCORL1	HCFC1
BCORL1	MAOA
BCORL1	MED13L
BCORL1	NUAK1
BCORL1	PKD1
BCORL1	RAI1
BCORL1	SLC25A12
BCORL1	SND1
BCORL1	WDFY4
BICDL1	CACNA1B
BICDL1	HIVEP3
BICDL1	HUWE1
BICDL1	KDM3A
BICDL1	MFRP
BICDL1	NAA15
BICDL1	NAALADL2
BICRA	BIRC6
BICRA	GPR85
BICRA	LRP1
BICRA	MTHFR
BICRA	PIK3CG
BICRA	PLXNA3
BIRC6	BRAF
BIRC6	CDK13
BIRC6	CHRNB3
BIRC6	FOXG1
BIRC6	GRIN1
BIRC6	GRK4
BIRC6	PBX1
BIRC6	PRICKLE1
BRAF	BRCA2
BRAF	EP400
BRAF	MAOB
BRAF	MSL3
BRAF	PLCB1
BRAF	SPAST
BRAF	TRPM3
BRAF	UBE3A
BRCA2	BRD4
BRCA2	DDC
BRCA2	DMD
BRCA2	EFR3A
BRCA2	HCN1
BRCA2	LAMA1
BRCA2	MAPK8IP1
BRCA2	NIPBL
BRD4	BRINP3
BRD4	PSMD11
BRD4	ROBO2
BRD4	USP7
BRD4	ZC3H11A
BRD4	ZNF532
BRINP3	BRSK2
BRINP3	CDK19
BRINP3	EPHB2
BRINP3	GPR37
BRINP3	KIF13B
BRINP3	MBD5
BRINP3	PCDHA2
BRINP3	PPP2CA
BRINP3	RAB43
BRINP3	RAC1
BRINP3	SATB1
BRSK2	BRWD3
BRSK2	CBX4
BRSK2	ELP2
BRSK2	KMT2E
BRSK2	NAA10
BRSK2	PPP2R5D
BRSK2	RPS6KA2
BRSK2	SLC25A12
BRSK2	SRGAP3
BRSK2	TAF1
BRSK2	WASF1
BRWD3	BSN
BRWD3	CDH9
BRWD3	HLA-A
BRWD3	KCTD13
BRWD3	MCM4
BRWD3	MYO5A
BRWD3	PCDHA6
BRWD3	RAC1
BRWD3	RBBP5
BRWD3	YWHAZ
BSN	BST1
BSN	DMWD
BSN	GABRB3
BSN	GALNT8
BSN	NCKAP5
BST1	BTAF1
BST1	GALNT2
BST1	HSD11B1
BST1	HTR3A
BST1	NF1
BST1	SERPINE1
BTAF1	BTRC
BTAF1	ERMN
BTAF1	KDM4C
BTAF1	POU3F3
BTAF1	RNF135
BTAF1	SLC9A9
BTAF1	TRIM33
BTRC	C12orf57
BTRC	DST
BTRC	INTS6
BTRC	PCDHA10
BTRC	PHF7
BTRC	ROBO2
BTRC	SLC4A10
C12orf57	C15orf62
C12orf57	CNOT1
C12orf57	DMXL2
C12orf57	DVL3
C15orf62	C4B
C15orf62	ERBIN
C15orf62	FOXG1
C15orf62	GRIK3
C15orf62	SASH1
C15orf62	SRCAP
C15orf62	SSR4
C4B	CA6
C4B	CTNNA3
C4B	CXXC5
C4B	JARID2
C4B	NCKAP1
C4B	PJA1
C4B	PREX1
C4B	RNF38
CA6	CACNA1A
CA6	GBE1
CA6	MEIS2
CA6	RAD21
CA6	TANC2
CA6	TRPC5
CA6	UNC13A
CA6	YY1
CACNA1A	ASB9
CACNA1A	DST
CACNA1A	KCNJ10
CACNA1A	PXDN
CACNA1A	RAPGEF4
CACNA1A	RERE
CACNA1A	SENP6
CACNA1A	TMEM134
CACNA1B	CACNA1C
CACNA1B	CUX1
CACNA1B	CXXC5
CACNA1B	DIP2A
CACNA1B	DNMT3A
CACNA1B	IRX5
CACNA1B	NXPH1
CACNA1B	PDE1C
CACNA1C	CACNA1D
CACNA1C	DOLK
CACNA1C	GPR85
CACNA1C	PCDH9
CACNA1D	CACNA1E
CACNA1D	DYRK1A
CACNA1D	HOMER1
CACNA1D	NTNG1
CACNA1D	PCM1
CACNA1D	PLN
CACNA1D	PPFIA1
CACNA1E	CACNA1F
CACNA1E	GRM5
CACNA1E	HNRNPD
CACNA1E	PPM1D
CACNA1E	SBF1
CACNA1E	TFB2M
CACNA1F	CACNA1G
CACNA1F	EXOC5
CACNA1F	MAP4K1
CACNA1F	PCDHA9
CACNA1F	PREX1
CACNA1F	SLC25A39
CACNA1F	VPS13B
CACNA1G	CACNA1H
CACNA1G	CTNND1
CACNA1G	FBRSL1
CACNA1G	MINK1
CACNA1G	PCCB
CACNA1G	RAB11FIP5
CACNA1G	SENP6
CACNA1G	UBE3A
CACNA1G	UPF2
CACNA1H	CACNA1I
CACNA1H	HUWE1
CACNA1H	MACF1
CACNA1H	NEO1
CACNA1H	NPTN
CACNA1H	PCDHAC1
CACNA1H	POLR2A
CACNA1H	PPP3CA
CACNA1I	CACNA2D1
CACNA1I	GRIK4
CACNA1I	KDM4B
CACNA1I	SLC22A15
CACNA1I	SPP2
CACNA2D1	CACNA2D3
CACNA2D1	GBE1
CACNA2D1	NAALADL2
CACNA2D1	NTRK2
CACNA2D1	PCDHA8
CACNA2D1	PKD1
CACNA2D1	SIN3B
CACNA2D3	CACNB1
CACNA2D3	CDK16
CACNA2D3	CYFIP1
CACNA2D3	PRKDC
CACNA2D3	SCFD2
CACNA2D3	TBCEL
CACNB1	CACNB2
CACNB1	DEAF1
CACNB1	GABRG2
CACNB1	PDK2
CACNB1	SCN3A
CACNB1	XPO1
CACNB2	CACNG2
CACNB2	CADM2
CACNB2	CDH9
CACNB2	CPSF7
CACNB2	CSMD3
CACNB2	DEPDC5
CACNB2	DPYSL2
CACNB2	EPPK1
CACNB2	ERMN
CACNB2	FRMD5
CACNB2	GALNT13
CACNB2	GLI3
CACNB2	GPC6
CACNB2	ITGA8
CACNB2	KLF7
CACNB2	MAGEL2
CACNB2	MBD3
CACNB2	MSL3
CACNB2	MYH9
CACNB2	MYO7A
CACNB2	MYO9B
CACNB2	NAA10
CACNB2	NAV3
CACNB2	NEDD4
CACNB2	NLGN4Y
CACNB2	PEX7
CACNB2	POT1
CACNB2	PPFIA1
CACNB2	PRUNE2
CACNB2	RPL10
CACNB2	RUNX1T1
CACNB2	SENP1
CACNB2	SETDB2
CACNB2	SH3RF1
CACNB2	SNCAIP
CACNB2	TBX22
CACNB2	TNRC6B
CACNB2	TRPM3
CACNB2	UBE3A
CACNG2	CADM1
CACNG2	FABP5
CACNG2	RPS6KA3
CACNG2	UBN2
CACNG2	ZC3H11A
CADM1	CADM2
CADM1	DHX9
CADM1	FOXP2
CADM1	GPC5
CADM1	MAGEC3
CADM1	MTSS2
CADM1	PBX1
CADM1	RLIM
CADM1	SGSM3
CADM2	CADPS
CADM2	FABP4
CADM2	FAM98C
CADM2	GBE1
CADM2	KIF13B
CADM2	NAA10
CADM2	NAV2
CADM2	PBX1
CADM2	PCDH10
CADM2	PRKAR1B
CADM2	SUPT16H
CADM2	ZNF536
CADPS	CADPS2
CADPS	CDH13
CADPS	DOT1L
CADPS	KCNMA1
CADPS	RPS10P2-AS1
CADPS	SBF1
CADPS	TCF7L2
CADPS2	CAMK2A
CADPS2	CNTN4
CADPS2	GUCY1A2
CADPS2	MUC4
CADPS2	NLGN4Y
CADPS2	SMAP2
CADPS2	SSR4
CADPS2	TPO
CAMK2A	CAMK2B
CAMK2A	CASZ1
CAMK2A	HUWE1
CAMK2A	LIN7B
CAMK2A	NLGN2
CAMK2A	TTN
CAMK2B	CAMK2D
CAMK2B	CLTC
CAMK2B	DLL1
CAMK2B	DOLK
CAMK2B	GABRA2
CAMK2B	SHANK1
CAMK2D	CAMK4
CAMK2D	CPT2
CAMK2D	CUX1
CAMK2D	SDC2
CAMK4	CAMTA2
CAMK4	ITSN1
CAMK4	OR2T10
CAMK4	SATB1
CAMTA2	CAPN12
CAMTA2	CPT2
CAMTA2	MTOR
CAMTA2	MYO7A
CAMTA2	SLC25A12
CAMTA2	UBE2H
CAMTA2	ZNF462
CAMTA2	ZNF536
CAPN12	CAPRIN1
CAPN12	CNTN3
CAPN12	MCPH1
CAPN12	TECTA
CAPN12	USP30
CAPN12	XPO1
CAPRIN1	CARD11
CAPRIN1	MDGA2
CAPRIN1	SCN8A
CAPRIN1	UPF2
CAPZA2	CBX4
CAPZA2	CLIP2
CAPZA2	CUX1
CAPZA2	EBF3
CAPZA2	MYO16
CAPZA2	NTRK1
CAPZA2	SLC25A39
CAPZA2	THBS1
CARD11	CASK
CARD11	CCDC88C
CARD11	GABRB2
CARD11	HS3ST5
CARD11	PHB1
CARD11	SERPINE1
CARD11	STX1A
CARD11	XPO1
CASK	CASKIN1
CASK	GLIS1
CASK	HTR3C
CASK	KAT6B
CASK	MAP1A
CASK	MYT1L
CASK	SATB2
CASK	ZFHX4
CASKIN1	CASZ1
CASKIN1	KIZ
CASKIN1	PCDH9
CASKIN1	SCN9A
CASKIN1	TSPYL2
CASZ1	CAT
CASZ1	CDK19
CASZ1	CORO1A
CASZ1	G3BP2
CASZ1	LMX1B
CASZ1	OTX1
CASZ1	PCDHA10
CASZ1	PRUNE2
CASZ1	TBC1D31
CAT	CBX1
CAT	CNGB3
CAT	KCNJ15
CAT	KDM5C
CAT	PREX1
CAT	RUNX1T1
CAT	SLC25A12
CBX1	CC2D1A
CBX1	CNR1
CBX1	DPP10
CBX1	ERBIN
CBX1	FOXG1
CBX1	NMT1
CBX1	NTNG2
CBX1	PCDHA11
CBX1	PTGS2
CBX1	PTPN4
CBX1	RAD21L1
CBX1	RPH3A
CBX4	CDK13
CBX4	KNG1
CBX4	NCOA1
CBX4	NKX2-2
CBX4	RAB2A
CBX4	RIT2
CBX4	SETDB1
CC2D1A	CCDC88C
CC2D1A	CSNK2A1
CC2D1A	METTL14
CC2D1A	PTPRB
CC2D1A	SATB1
CC2D1A	SHANK3
CC2D1A	SLC12A5
CC2D1A	TCF4
CCDC88C	CCDC91
CCDC88C	CDK5RAP2
CCDC88C	HTR3C
CCDC88C	KIF1A
CCDC88C	MRTFB
CCDC88C	SYCE1
CCDC91	CCIN
CCDC91	DPYD
CCDC91	HTR1B
CCDC91	PBX1
CCDC91	SASH1
CCDC91	UBN2
CCDC91	ZNF713
CCIN	CCNG1
CCIN	DVL3
CCIN	FABP5
CCIN	FRMD5
CCIN	KHDRBS2
CCIN	LAMA1
CCIN	MSRA
CCIN	NEXMIF
CCIN	SLC4A10
CCIN	SLC6A3
CCNG1	CCNK
CCNG1	ELAVL2
CCNG1	GPC6
CCNG1	KAT2B
CCNG1	KIF5C
CCNG1	NCOA1
CCNG1	NPAS2
CCNG1	VPS13B
CCNK	CCSER1
CCNK	DOCK8
CCNK	FMR1
CCNK	HOMER1
CCNK	NIPA2
CCNK	PCCA
CCNK	SRSF1
CCNK	TRIM32
CCNK	UNC5D
CCSER1	CCT4
CCSER1	HOMER1
CCSER1	KIAA1586
CCSER1	MSRA
CCSER1	PEBP4
CCSER1	PLCD4
CCSER1	SYNJ1
CCSER1	TBCB
CCSER1	VSIG4
CCT4	CD276
CCT4	CNTNAP5
CCT4	GATM
CCT4	HNRNPU
CCT4	KDM2B
CCT4	PDHA1
CCT4	PTPRS
CCT4	RALGAPB
CCT4	SETBP1
CCT4	SLC25A39
CCT4	TRIM23
CD276	CD38
CD276	CHAMP1
CD276	ERMN
CD276	GRK4
CD276	LRBA
CD276	TECTA
CD276	TOP2B
CD276	ZNF774
CD38	CDC42BPB
CD38	FGFR1
CD38	HSD11B1
CD38	MAST1
CD38	PKD1
CD38	SPRY2
CD38	TET2
CD38	UGGT1
CD99L2	CHD9
CD99L2	FABP4
CD99L2	KDM1B
CD99L2	KIF13B
CD99L2	PTPRB
CD99L2	SLC29A4
CD99L2	SMARCC2
CD99L2	TBX1
CD99L2	UBN2
CD99L2	VSIG4
CDC42BPB	CDH10
CDC42BPB	CNTN3
CDC42BPB	NFE2L3
CDC42BPB	SDC2
CDC42BPB	TANC2
CDC42BPB	TRAP1
CDC42BPB	TRIM32
CDH10	CDH11
CDH10	DDX53
CDH10	KDM2A
CDH10	KDM3B
CDH10	MYLK
CDH10	NPTN
CDH10	PPP5C
CDH10	RIMS2
CDH10	TNRC6C
CDH11	CDH13
CDH11	CECR2
CDH11	CTNNA2
CDH11	FOXP2
CDH11	GGNBP2
CDH11	HDLBP
CDH11	INPP1
CDH13	CDH2
CDH13	CSNK2A1
CDH13	DMPK
CDH13	EPPK1
CDH13	FBXL13
CDH13	FOXG1
CDH13	PCDHA9
CDH13	SIN3B
CDH13	TBR1
CDH2	CDH22
CDH2	KHDRBS2
CDH2	KIZ
CDH2	MSL3
CDH2	SHOX
CDH2	WNK3
CDH22	CDH8
CDH22	CHST2
CDH22	FGA
CDH22	FRMD5
CDH22	H4C5
CDH22	LRP2
CDH22	MCM4
CDH8	CDH9
CDH8	EXOC5
CDH8	MAP4K1
CDH8	TBCEL
CDH9	CAPZA2
CDH9	EPHA1
CDH9	KDM5B
CDH9	NAV2
CDH9	SND1
CDK13	CDK16
CDK13	CDK5RAP2
CDK13	IQGAP3
CDK13	POMT1
CDK13	SETD2
CDK13	SETDB1
CDK13	WNT1
CDK16	CDK19
CDK16	FABP4
CDK16	KIRREL3
CDK16	LRRC4C
CDK16	PDCD1
CDK16	PHIP
CDK16	SLFN5
CDK19	CDK5RAP2
CDK19	DNAH3
CDK19	DOCK4
CDK19	NCKAP1
CDK19	SLC25A12
CDK19	USH2A
CDK5RAP2	CDK8
CDK5RAP2	CSNK1E
CDK5RAP2	ERMN
CDK5RAP2	HLA-B
CDK5RAP2	IL1R2
CDK5RAP2	MYH4
CDK5RAP2	SRSF1
CDK5RAP2	TRIP12
CDK8	CDKL5
CDK8	H3-3B
CDK8	KMT2A
CDK8	PCCB
CDK8	PER2
CDK8	QRICH1
CDK8	SUPT16H
CDK8	ZBTB16
CDK8	ZNF517
CDKL5	CDON
CDKL5	GABBR2
CDKL5	GALNT8
CDKL5	GBE1
CDKL5	LRRC4
CDKL5	MARK1
CDKL5	NXPH1
CDKL5	PSD3
CDKL5	RAD21
CDKL5	SCN9A
CDKL5	WDR37
CDKL5	ZNF18
CDON	CECR2
CDON	CHMP1A
CDON	CHRNA7
CDON	PRICKLE2
CDON	RANBP17
CDON	SPP2
CDON	ZFHX4
CDON	ZNF711
CECR2	CELF2
CECR2	GPC4
CECR2	KCNH1
CECR2	PCCB
CELF2	CELF4
CELF2	EPC2
CELF2	HNRNPR
CELF2	PHRF1
CELF2	PPP1R1B
CELF2	PTEN
CELF2	TOP3B
CELF4	CELF6
CELF4	DRD2
CELF4	HECTD1
CELF4	KMT2C
CELF4	TM9SF4
CELF4	TSC2
CELF4	XRCC6
CELF6	CEP135
CELF6	CSMD3
CELF6	GPC5
CELF6	LHX2
CELF6	PABPC1
CELF6	POMT1
CELF6	PTGS2
CELF6	RFX3
CELF6	SCN2A
CELF6	TRAPPC9
CELF6	YWHAE
CEP135	CEP290
CEP135	CNTN5
CEP135	KCTD13
CEP135	KMT2B
CEP135	LAS1L
CEP135	NRP2
CEP135	PLCD4
CEP135	RIMS2
CEP290	CEP41
CEP290	DHX9
CEP290	HERC2
CEP290	HSD11B1
CEP290	KCNH1
CEP290	MSR1
CEP290	NRXN2
CEP290	PCDHAC1
CEP290	POMT1
CEP290	RAPGEF4
CEP290	SPEN
CEP41	CERT1
CEP41	CHD4
CEP41	CPZ
CEP41	CUX2
CEP41	DLX2
CEP41	EPHB1
CEP41	KLF7
CEP41	PRODH
CEP41	THRA
CEP41	TSHZ1
CERT1	CGNL1
CERT1	DLGAP1
CERT1	DNAH3
CERT1	KCNJ10
CERT1	NTRK3
CERT1	SCAF4
CGNL1	CHAMP1
CGNL1	EIF3F
CGNL1	QRICH1
CHAMP1	CHD1
CHAMP1	DIP2A
CHAMP1	GALNT8
CHAMP1	LDB1
CHAMP1	MIB1
CHAMP1	MNT
CHAMP1	MSRA
CHAMP1	PTPRD
CHAMP1	QRICH1
CHAMP1	SMC3
CHAMP1	SYCE1
CHAMP1	UBE3A
CHAMP1	YWHAZ
CHD1	CHD2
CHD1	EIF4E
CHD1	GDA
CHD1	MAPK8IP1
CHD1	MSL2
CHD1	SCN1A
CHD2	CHD3
CHD2	KDM3B
CHD2	PUF60
CHD2	SLC45A1
CHD2	SLFN5
CHD2	TECTA
CHD3	CHD4
CHD3	EGR3
CHD3	NSMCE3
CHD3	VCP
CHD3	ZBTB47
CHD4	CHD7
CHD4	DHCR7
CHD4	ILF2
CHD4	MRTFB
CHD4	MSR1
CHD4	PTPN4
CHD4	ZMYND8
CHD7	CHD8
CHD7	HLA-B
CHD7	KDM5B
CHD7	MEGF11
CHD7	NKX2-2
CHD7	TET3
CHD7	UNC80
CHD7	VPS54
CHD7	WDFY3
CHD8	CD99L2
CHD8	EPHB2
CHD8	PCDHA4
CHD8	RPS10P2-AS1
CHD8	UPF3B
CHD9	CHKB
CHD9	CSDE1
CHD9	GNB1L
CHD9	NLGN1
CHD9	PCDHA8
CHD9	PDCD1
CHD9	SCN2A
CHD9	UNC79
CHKB	CHM
CHKB	CMIP
CHKB	CTTNBP2
CHKB	DYDC2
CHKB	MIR137
CHKB	MSRA
CHKB	MYH4
CHKB	MYO7A
CHKB	PPFIA3
CHKB	PTPRS
CHM	CHMP1A
CHM	KIF13B
CHM	LAS1L
CHM	PHIP
CHM	SLC6A3
CHM	TNRC6B
CHMP1A	CHRM3
CHMP1A	CNTN6
CHMP1A	CRMP1
CHMP1A	INTS6
CHMP1A	KCNC1
CHMP1A	LRP1
CHMP1A	MEF2C
CHMP1A	MSL2
CHMP1A	PHIP
CHMP1A	QRICH1
CHMP1A	SH3RF1
CHRM3	CHRNA7
CHRM3	CUL3
CHRM3	ERBIN
CHRM3	PON1
CHRM3	RSRC1
CHRM3	SPTBN1
CHRM3	TBR1
CHRM3	TFB2M
CHRM3	UBR5
CHRNA7	CHRNB3
CHRNA7	CUL7
CHRNA7	DEPDC5
CHRNA7	FEZF2
CHRNA7	MLANA
CHRNA7	SSRP1
CHRNA7	ZFHX3
CHRNB3	CHST2
CHRNB3	CNOT3
CHRNB3	GAS2
CHRNB3	PTPN11
CHRNB3	RAC1
CHRNB3	SH3RF3
CHRNB3	SLC9A1
CHRNB3	TBC1D5
CHST2	CIB2
CHST2	CNOT3
CHST2	CNTN6
CHST2	DDC
CHST2	HCN1
CHST2	HDAC4
CHST2	LARP1
CHST2	MYH4
CHST2	OTUD7A
CHST2	PXDN
CHST2	SPARCL1
CHST2	TMLHE
CIB2	CIC
CIB2	CTNNA3
CIB2	DOT1L
CIB2	HNRNPK
CIB2	IMMP2L
CIB2	ZNF626
CIC	CLASP1
CIC	ELAVL3
CIC	PCDH19
CIC	PCDHA2
CIC	PLPPR4
CIC	PTGS2
CIC	TNS2
CIC	TPO
CIC	UNC79
CLASP1	CLCN4
CLASP1	CPEB4
CLASP1	H1-4
CLASP1	NSMCE3
CLCN4	CLIP2
CLCN4	CSMD2
CLCN4	DPP4
CLCN4	KLHL20
CLCN4	LILRB2
CLCN4	MED13
CLCN4	MTSS2
CLCN4	POLA2
CLCN4	SLC25A12
CLCN4	SLC9A1
CLCN4	SOD1
CLCN4	TRAPPC2L
CLIP2	CLN8
CLIP2	DRD2
CLIP2	HTR1B
CLIP2	NFE2L3
CLIP2	PPFIA3
CLIP2	RAP1A
CLIP2	SCN9A
CLIP2	SHANK1
CLIP2	TET3
CLN8	CLTC
CLN8	DLX2
CLN8	DYRK1A
CLN8	FLNA
CLN8	KMT2B
CLN8	MTSS2
CLN8	PCDHA1
CLN8	QRICH1
CLN8	SLC35B1
CLN8	TNS2
CLN8	ZC3H4
CLTC	CLTCL1
CLTC	DLG1
CLTC	FAN1
CLTC	KDM6B
CLTC	NR1D1
CLTC	PPFIA1
CLTC	PYHIN1
CLTC	SCN4A
CLTC	TGM1
CLTCL1	CMIP
CLTCL1	KCNMA1
CLTCL1	KMT2B
CLTCL1	PC
CLTCL1	SNTG2
CLTCL1	USP15
CMIP	CMPK2
CMIP	DNAH17
CMIP	LRRC4C
CMIP	PCDHA10
CMIP	PSMD12
CMIP	SLC24A2
CMIP	USP7
CMIP	WDFY3
CMPK2	CNGB3
CMPK2	MYO5A
CMPK2	NFIB
CMPK2	SHOX
CMPK2	TBCB
CMPK2	TOP3B
CNGB3	CNKSR2
CNGB3	DPP3
CNGB3	FGF13
CNGB3	HNRNPH2
CNGB3	LRP1
CNGB3	MLANA
CNGB3	NR4A2
CNGB3	PHF14
CNGB3	RNF135
CNGB3	SLC25A12
CNGB3	TDO2
CNKSR2	CNOT1
CNKSR2	GNAI1
CNKSR2	HERC2
CNKSR2	MET
CNKSR2	POLA2
CNKSR2	SCP2
CNOT1	CNOT3
CNOT1	CPSF7
CNOT1	CUX1
CNOT1	DOCK8
CNOT1	KLF7
CNOT1	PCDHA2
CNOT1	SLC6A3
CNOT1	SNX5
CNOT1	STX1A
CNOT3	CNR1
CNOT3	LARP1
CNOT3	RAB11FIP5
CNOT3	RELN
CNOT3	SYNE1
CNOT3	TSPAN17
CNOT3	UBR3
CNR1	CNTN3
CNR1	DLL1
CNR1	DPP6
CNR1	GPHN
CNR1	PNPLA7
CNR1	ZC3H4
CNTN3	CNTN4
CNTN3	CTNNA3
CNTN3	KCNH5
CNTN3	MUC4
CNTN3	NBEA
CNTN3	PCDH11X
CNTN3	PHF14
CNTN3	POLR2A
CNTN4	CNTN5
CNTN4	MEGF11
CNTN4	SIN3A
CNTN4	SLC22A15
CNTN4	TERF2
CNTN5	CNTN6
CNTN5	DDX3X
CNTN5	GALNT8
CNTN5	GBE1
CNTN5	GSTM1
CNTN5	H4C5
CNTN5	KCTD13
CNTN5	LAMB1
CNTN5	LRFN2
CNTN5	MAGEL2
CNTN6	CNTNAP2
CNTN6	EIF3G
CNTN6	GRIK4
CNTN6	MAGEC3
CNTN6	RAI1
CNTNAP2	CNTNAP3
CNTNAP2	GRIN2B
CNTNAP2	MSR1
CNTNAP3	CNTNAP4
CNTNAP3	LMX1B
CNTNAP3	NRXN1
CNTNAP3	PTEN
CNTNAP3	TRAF7
CNTNAP3	UBN2
CNTNAP4	CNTNAP5
CNTNAP4	DLX6
CNTNAP4	DNAH10
CNTNAP4	ETFB
CNTNAP4	EXOC5
CNTNAP4	HTR2C
CNTNAP4	PAK2
CNTNAP4	PSMD6
CNTNAP4	TANC2
CNTNAP4	ZBTB16
CNTNAP5	COL12A1
CNTNAP5	ELP4
CNTNAP5	EPHB2
CNTNAP5	EXOC6
CNTNAP5	TSPYL2
COL12A1	COL28A1
COL12A1	DLGAP2
COL12A1	ERMN
COL12A1	HECW2
COL12A1	HNRNPUL2
COL12A1	HOMER1
COL12A1	SLC7A7
COL12A1	VEZF1
COL28A1	CORO1A
COL28A1	HIVEP2
COL28A1	IRX5
COL28A1	ITGB3
COL28A1	MYO5C
COL28A1	PHF12
COL28A1	RPH3A
COL28A1	SATB1
COL28A1	XRCC6
COL28A1	YWHAZ
CORO1A	CPEB4
CORO1A	DNAJC5
CORO1A	IL1RAPL2
CORO1A	KCTD13
CORO1A	RAB11FIP5
CORO1A	RAB43
CORO1A	TM4SF19
CPEB4	CPSF7
CPEB4	DDHD2
CPEB4	FRMPD4
CPEB4	ILF2
CPEB4	MACROD2
CPEB4	PRKDC
CPEB4	RHOXF1
CPEB4	SLC7A3
CPEB4	WDFY4
CPSF7	CPT2
CPSF7	DMXL2
CPSF7	GABRB3
CPSF7	MAP1B
CPSF7	MAPK3
CPSF7	MAPK8IP3
CPSF7	MECP2
CPSF7	PCDHA11
CPSF7	POMT1
CPSF7	PSMD6
CPSF7	PTPRS
CPSF7	SHANK2
CPT2	CPZ
CPT2	DEPDC5
CPT2	NRXN2
CPT2	PCDH11X
CPT2	SCGN
CPT2	SF3B1
CPT2	SLC25A12
CPT2	TDO2
CPZ	CREBBP
CPZ	CSNK2A1
CPZ	DLGAP1
CPZ	DOLK
CPZ	KDM1A
CPZ	LRFN5
CPZ	MAGEC3
CPZ	PER2
CREBBP	CRMP1
CREBBP	PCDHA9
CREBBP	RNU2-2
CREBBP	TSPYL2
CRMP1	CSDE1
CRMP1	GRIK3
CRMP1	HDAC8
CRMP1	KRT26
CRMP1	LRRC4C
CRMP1	NCKAP5
CRMP1	NR1D1
CRMP1	PTPN4
CRMP1	QRICH1
CRMP1	ZNF536
CSDE1	CSMD1
CSDE1	CTNND2
CSDE1	DHCR7
CSDE1	IMMP2L
CSDE1	STYK1
CSMD1	CSMD2
CSMD1	ERMN
CSMD1	MBD5
CSMD1	RAB2A
CSMD1	STXBP1
CSMD2	CSMD3
CSMD2	GRK4
CSMD2	KATNAL2
CSMD2	MED23
CSMD2	NUP133
CSMD2	SLC25A12
CSMD2	USP45
CSMD3	CSNK1E
CSMD3	LRFN5
CSMD3	MTOR
CSMD3	NEGR1
CSMD3	PPP2CA
CSNK1E	CSNK1G1
CSNK1E	DDX23
CSNK1E	EPPK1
CSNK1E	GALNT10
CSNK1E	GBE1
CSNK1E	HNRNPD
CSNK1E	IKZF1
CSNK1E	NXF1
CSNK1E	SENP1
CSNK1E	SLC6A8
CSNK1E	TCF7L2
CSNK1G1	CSNK2A1
CSNK1G1	EGR3
CSNK1G1	GRIA1
CSNK1G1	JMJD1C
CSNK1G1	LRFN5
CSNK1G1	RANBP17
CSNK1G1	SH3RF1
CSNK1G1	SOX6
CSNK2A1	CSNK2B
CSNK2A1	DLG1
CSNK2A1	NCOA1
CSNK2A1	SCN1A
CSNK2B	CTCF
CSNK2B	DNM1
CSNK2B	NRP2
CSNK2B	NXF1
CSNK2B	PHF12
CSNK2B	SYNJ1
CSNK2B	TRIO
CTCF	CTNNA2
CTCF	MTHFR
CTCF	PDK2
CTCF	PEBP4
CTCF	TAF4
CTCF	WAC
CTNNA2	CTNNA3
CTNNA2	CTTNBP2
CTNNA2	NRCAM
CTNNA2	OR1C1
CTNNA2	RERE
CTNNA2	RLIM
CTNNA2	TBX1
CTNNA3	CTNNB1
CTNNA3	GABRB2
CTNNA3	NTNG1
CTNNA3	OXTR
CTNNA3	PCDH10
CTNNA3	TCEAL1
CTNNA3	VPS54
CTNNB1	CTNND1
CTNNB1	ETFB
CTNNB1	GBE1
CTNNB1	H4C11
CTNNB1	SCN4A
CTNNB1	TRIP12
CTNNB1	TRPM7
CTNND1	CTNND2
CTNND1	DISC1
CTNND1	GNAS
CTNND1	GRIN2B
CTNND1	NUAK1
CTNND1	SAMD11
CTNND1	ZNF713
CTNND2	CTR9
CTNND2	DISC1
CTNND2	PLXNA3
CTPS1	CXXC5
CTPS1	IGF1
CTPS1	MAP1A
CTPS1	STK39
CTR9	CTTNBP2
CTR9	MAPK8IP3
CTR9	PRR12
CTR9	SETD5
CTR9	SLC35B1
CTTNBP2	CUL2
CTTNBP2	HIVEP3
CTTNBP2	PLAUR
CTTNBP2	POMT1
CTTNBP2	PSD3
CUL2	CUL3
CUL2	MRTFB
CUL2	OXT
CUL2	PCDHA7
CUL2	RIMS2
CUL3	CUL4B
CUL3	DPP6
CUL3	EPC2
CUL3	PPFIA1
CUL3	SLC24A2
CUL3	WDFY3
CUL4B	CUL7
CUL4B	GALNT10
CUL4B	GBE1
CUL4B	GRID1
CUL4B	KIF5C
CUL4B	OTX1
CUL4B	RAI1
CUL4B	TERF2
CUL4B	TRAPPC6B
CUL7	CUX1
CUL7	CYFIP1
CUL7	HLA-DPB1
CUL7	NTRK1
CUL7	OFD1
CUL7	THRA
CUL7	TSPAN17
CUX1	CUX2
CUX1	DEAF1
CUX1	FGFR1
CUX1	FOXP2
CUX1	KDM6B
CUX1	PDZD8
CUX1	PHF2
CUX2	CX3CR1
CUX2	MEIS2
CUX2	NEGR1
CUX2	RLIM
CX3CR1	CYFIP1
CX3CR1	ZBTB20
CXXC5	CYP11B1
CXXC5	HNRNPK
CXXC5	PHRF1
CXXC5	PRPF8
CXXC5	RLIM
CXXC5	SETDB1
CYFIP1	CYFIP2
CYFIP1	EIF4E
CYFIP1	GFAP
CYFIP1	HSD11B1
CYFIP1	TSPAN4
CYFIP2	CYLC2
CYFIP2	GALNT14
CYFIP2	GLI3
CYFIP2	RICTOR
CYFIP2	SH3RF3
CYFIP2	TAF1
CYFIP2	TRAPPC6B
CYLC2	CYP27A1
CYLC2	DMXL2
CYLC2	GRIA1
CYLC2	HERC1
CYLC2	MUC4
CYLC2	NTRK3
CYP11B1	DDX53
CYP11B1	HERC2
CYP11B1	JMJD1C
CYP11B1	MARK1
CYP11B1	PRODH
CYP11B1	RAI1
CYP11B1	SLC22A9
CYP11B1	SLC25A27
CYP11B1	SNCAIP
CYP11B1	ZNF804A
CYP27A1	DAGLA
CYP27A1	DLX2
CYP27A1	DNMT3A
CYP27A1	EIF3F
CYP27A1	KIAA0232
CYP27A1	PRKD1
DAGLA	DAPP1
DAGLA	EPHB1
DAGLA	GABRA2
DAGLA	GBE1
DAGLA	IMMP2L
DAGLA	PRICKLE2
DAGLA	TEK
DAGLA	UBR1
DAPP1	DCC
DAPP1	DDHD2
DAPP1	DIP2C
DAPP1	SAE1
DAPP1	SLC25A12
DCC	DDC
DCC	GNAI1
DCC	HNRNPD
DCC	MKX
DCC	NPAS2
DCC	NRP2
DCC	NTNG2
DCC	RAB11FIP4
DDC	DDHD2
DDC	ELOVL2
DDC	EPHA1
DDC	KCNH7
DDC	PRPF39
DDC	TBC1D31
DDC	TLE3
DDHD2	DDX23
DDHD2	GRK4
DDHD2	MSRA
DDHD2	PRICKLE2
DDHD2	SYNE1
DDHD2	ZNF462
DDHD2	ZNF644
DDX23	DDX3X
DDX23	MSANTD2
DDX23	MTOR
DDX23	RBM27
DDX23	SETBP1
DDX23	SMARCA2
DDX23	WDR37
DDX3X	CTPS1
DDX3X	MSX2
DDX3X	PXDN
DDX3X	QRICH1
DDX3X	RGS7
DDX3X	SPP2
DDX3X	YTHDC2
DDX53	DEAF1
DDX53	GBE1
DDX53	MLANA
DDX53	SIK1
DDX53	TBL1X
DEAF1	DENR
DEAF1	KDM5C
DEAF1	TM4SF19
DEAF1	USP9Y
DEAF1	WWOX
DEAF1	ZNF532
DENND2B	DLGAP2
DENND2B	FOXP1
DENND2B	KCNMA1
DENND2B	MUC4
DENND2B	SLITRK5
DENND2B	TRIM8
DENND2B	TRPM6
DENND2B	ZNF644
DENR	DEPDC5
DENR	G3BP2
DENR	HYDIN
DENR	LARP1
DENR	LRFN2
DENR	MEGF11
DENR	PCDH10
DENR	PITX1
DENR	POMT1
DENR	TAF6
DENR	ZBTB21
DEPDC5	DGKI
DEPDC5	NR3C2
DEPDC5	PSMD12
DEPDC5	SMURF1
DEPDC5	ZNF385B
DGKI	DHCR7
DGKI	GSTM1
DGKI	MBD6
DGKI	OR2M4
DGKI	PSMD11
DGKI	RFX7
DGKI	SETD1B
DGKI	TMEM39B
DGKI	TPO
DHCR7	DHX30
DHCR7	GRID1
DHCR7	MUC12
DHCR7	NCAPH2
DHCR7	PHF21A
DHCR7	PPM1D
DHCR7	RIMS1
DHX30	DHX9
DHX30	DNER
DHX30	ELAVL2
DHX30	ERG
DHX30	FRMD5
DHX30	GSTM1
DHX30	HDAC4
DHX30	ITGB3
DHX30	KCNK7
DHX30	MED12L
DHX30	NCOA1
DHX30	OCRL
DHX30	PAFAH1B2
DHX30	PPP2R5D
DHX30	PRR12
DHX9	DIP2A
DHX9	GRM5
DHX9	RLIM
DHX9	SENP1
DIP2A	DIP2C
DIP2A	EP300
DIP2A	PTCHD1
DIP2A	PTPRB
DIP2A	VDR
DIP2C	DIPK2A
DIP2C	ERMN
DIP2C	GABRB2
DIP2C	KPTN
DIP2C	PABPC1
DIP2C	SLC6A1
DIPK2A	DISC1
DIPK2A	LMTK3
DIPK2A	LZTS2
DIPK2A	TRRAP
DIPK2A	WASF1
DISC1	DIXDC1
DISC1	KCNH7
DISC1	KIAA1586
DISC1	MYH4
DISC1	MYLK
DISC1	NKX2-2
DISC1	POLA2
DISC1	PON1
DISC1	PRKD1
DIXDC1	DLG1
DIXDC1	HLA-DPB1
DIXDC1	LARP1
DIXDC1	MBD4
DIXDC1	RELN
DIXDC1	ZFHX4
DLG1	DLG2
DLG1	GNB1L
DLG1	NPTN
DLG1	SNTG2
DLG1	USP24
DLG2	DLG4
DLG2	DPP6
DLG2	DRD1
DLG2	GUCY1A2
DLG2	SH3RF3
DLG2	SLC25A12
DLG2	ZBTB21
DLG4	DLGAP1
DLG4	NOTCH1
DLG4	TRIM33
DLGAP1	DENND2B
DLGAP1	H4C11
DLGAP1	KCTD13
DLGAP1	KIF14
DLGAP1	MET
DLGAP1	MNT
DLGAP1	SETDB2
DLGAP1	UNC13A
DLGAP2	DLGAP3
DLGAP2	EXOC6B
DLGAP2	IRF2BPL
DLGAP2	KDM4C
DLGAP2	PPP5C
DLGAP2	QRICH1
DLGAP3	DLL1
DLGAP3	EXOC6B
DLGAP3	FABP4
DLGAP3	MSRA
DLGAP3	NCKAP1
DLGAP3	NOVA2
DLGAP3	PHF3
DLL1	DLX2
DLL1	GRIA3
DLL1	JARID2
DLL1	PHIP
DLL1	SETD2
DLL1	TSPYL2
DLX2	DLX3
DLX2	GRK4
DLX2	TAF6
DLX3	DLX6
DLX3	GALNT8
DLX3	PAPOLG
DLX3	PPP5C
DLX3	RIMS2
DLX3	SPEN
DLX3	ZNF536
DLX6	DMD
DLX6	DSCAM
DLX6	KCND2
DLX6	KRR1
DLX6	MDGA2
DLX6	MSR1
DLX6	OTUD7A
DLX6	TBCEL
DLX6	YWHAE
DMD	DMPK
DMD	DPYSL2
DMD	DRD2
DMD	ERG
DMD	H4C3
DMD	MEMO1
DMD	RORA
DMPK	DMWD
DMPK	KDM3B
DMWD	DMXL2
DMWD	POU3F3
DMWD	PRKDC
DMWD	RAC1
DMWD	SIN3B
DMWD	ZNF536
DMXL2	DNAH10
DMXL2	DPYSL3
DMXL2	GRIA1
DMXL2	GRIN2A
DMXL2	NFIB
DMXL2	PAK1
DMXL2	PER1
DMXL2	SPAST
DMXL2	YY1
DNAH10	DNAH17
DNAH10	GALNT8
DNAH10	KMT2C
DNAH10	NRXN2
DNAH10	PHF12
DNAH10	SLC12A5
DNAH10	SYNJ1
DNAH10	WDR37
DNAH10	YEATS2
DNAH17	DNAH3
DNAH17	GRIN1
DNAH17	NXF1
DNAH17	PER1
DNAH17	RAC1
DNAH17	SLC22A15
DNAH17	ZC3H4
DNAH3	DNER
DNAH3	ERMN
DNAH3	GBE1
DNAH3	GRID2
DNAH3	ITPR1
DNAH3	PTGS2
DNAH3	SLC25A12
DNAJC5	DOT1L
DNAJC5	GLIS1
DNAJC5	MRTFB
DNAJC5	MSANTD2
DNAJC5	REEP3
DNAJC5	TSHZ3
DNAJC5	TSPAN4
DNAJC5	USP24
DNAJC5	USP45
DNAJC5	ZNF536
DNER	DNM1
DNER	GPC4
DNER	HOXA1
DNER	ITPR1
DNER	LDLR
DNER	PHF12
DNER	SMARCC2
DNER	TBCEL
DNM1	DNMT3A
DNM1	EHMT1
DNM1	GRK4
DNM1	NINL
DNM1	POMGNT1
DNM1	PSMD12
DNM1	SLC6A4
DNM1	SLC7A5
DNMT3A	DOCK1
DNMT3A	LRRC4
DNMT3A	NOVA2
DNMT3A	PCCA
DNMT3A	PPP2R5D
DNMT3A	TBC1D23
DNMT3A	TRAPPC9
DOCK1	DOCK4
DOCK1	DOT1L
DOCK1	KCNMA1
DOCK1	NMT1
DOCK1	SLFN5
DOCK1	TRPC5
DOCK4	DOCK8
DOCK4	GRK4
DOCK4	MYH10
DOCK4	PHF12
DOCK4	ZMYND8
DOCK8	DOLK
DOCK8	MED13
DOCK8	RPH3A
DOCK8	TRAP1
DOCK8	UPF2
DOCK8	ZNF626
DOLK	DPP10
DOLK	KCND3
DOLK	LDLR
DOLK	PKD1
DOLK	PPP2R1B
DOLK	SHANK2
DOLK	UIMC1
DOT1L	DST
DOT1L	PRICKLE1
DOT1L	RAB11FIP4
DOT1L	RHOXF1
DOT1L	TRPC6
DPP10	DPP3
DPP10	DRD3
DPP10	ENOX2
DPP10	GALNT8
DPP10	MSRA
DPP10	NTNG2
DPP10	PSD3
DPP10	RP11-1407O15.2
DPP3	DPP4
DPP3	PCDHA6
DPP3	PTPRD
DPP3	SASH1
DPP3	SCN8A
DPP4	DPP6
DPP4	ELP2
DPP4	KLF16
DPP4	PHIP
DPP4	PTPRB
DPP4	QRICH1
DPP4	UBE3C
DPP4	WDR5
DPP6	DPYD
DPP6	MCM4
DPP6	PER2
DPYD	DPYSL2
DPYD	ELAVL2
DPYD	GRIN2B
DPYD	HNRNPL
DPYD	MYO7A
DPYD	SAMD11
DPYD	TSC2
DPYSL2	DPYSL3
DPYSL2	NR4A2
DPYSL2	SORCS3
DPYSL2	TAF6
DPYSL2	TMEM134
DPYSL3	DRD2
DPYSL3	NLGN4X
DPYSL3	NPFFR2
DPYSL3	SYNGAP1
DPYSL3	VDR
DPYSL3	YWHAG
DRD1	EIF3F
DRD1	MSL3
DRD1	RAD21L1
DRD1	VDR
DRD2	DRD3
DRD2	ITSN1
DRD2	SETD1A
DRD3	DSCAM
DRD3	EPC2
DRD3	RAD21
DRD3	ZFYVE26
DRD3	ZMYM2
DSCAM	DNAJC5
DSCAM	ERMN
DSCAM	GABRA4
DSCAM	NFE2L3
DSCAM	OR2M4
DSCAM	SLC25A12
DSCAM	SLC45A1
DSCAM	SLC6A4
DSCAM	SRSF1
DST	DUSP15
DST	KDM1A
DST	MAP4K4
DST	MSL2
DST	NPTN
DST	PIK3CG
DST	XPC
DUSP15	DVL3
DUSP15	GPC4
DUSP15	MCM4
DUSP15	OTUD7A
DUSP15	RPS6KA3
DUSP15	SLC25A12
DVL3	DYDC1
DVL3	GNB2
DVL3	GRK4
DVL3	HNRNPF
DVL3	LAMA1
DVL3	OR2T10
DYDC1	DYDC2
DYDC1	EPHA1
DYDC1	PTCHD1-AS
DYDC1	SND1
DYDC1	TTN
DYDC1	YWHAE
DYDC2	DYNC1H1
DYDC2	PCDHA11
DYDC2	RERE
DYDC2	RORA
DYDC2	RUNX1T1
DYDC2	SAE1
DYDC2	SLC9A1
DYDC2	SPAST
DYDC2	TRAPPC6B
DYDC2	USP9X
DYNC1H1	DYRK1A
DYNC1H1	GALNT8
DYNC1H1	MKX
DYNC1H1	SET
DYNC1H1	SLC7A5
DYNC1H1	ZNF385B
DYRK1A	EBF3
DYRK1A	GAS2
DYRK1A	RFX3
DYRK1A	TECTA
EBF3	ECPAS
EBF3	ELP2
EBF3	EP300
EBF3	GRID2IP
EBF3	GRK4
EBF3	HIVEP2
EBF3	SMC3
ECPAS	EEF1A2
ECPAS	PCDH9
ECPAS	PUF60
ECPAS	QRICH1
ECPAS	SYCE1
EEF1A2	EFR3A
EEF1A2	KMT2B
EEF1A2	NUAK1
EEF1A2	PABPC1
EEF1A2	PLCD4
EEF1A2	TBR1
EEF1A2	TNS2
EFR3A	EGR3
EFR3A	MYT1L
EFR3A	NAV3
EFR3A	NCOR1
EFR3A	PLXNA4
EFR3A	POMT1
EFR3A	ZBTB47
EFR3A	ZSWIM6
EGR3	EHMT1
EGR3	MYCBP2
EGR3	MYH4
EGR3	REEP3
EHMT1	DRD1
EHMT1	GAS2
EHMT1	INTS6
EHMT1	KMT2E
EHMT1	MYO7A
EHMT1	PCDHA13
EHMT1	PRPF19
EHMT1	ZMYM3
EIF3F	EIF3G
EIF3F	ELP2
EIF3F	ERMN
EIF3F	LZTS2
EIF3F	MCM4
EIF3F	PDCD1
EIF3F	SLC24A2
EIF3F	SLC6A3
EIF3F	YWHAZ
EIF3G	EIF4E
EIF3G	KCTD13
EIF3G	LRFN5
EIF3G	MBOAT7
EIF3G	PCDH15
EIF3G	SLC9A9
EIF3G	TRPC5
EIF4E	EIF4G1
EIF4E	MUC4
EIF4E	NEDD4
EIF4E	NF1
EIF4E	PRKD2
EIF4E	PUF60
EIF4E	SYNGAP1
EIF4E	USP15
EIF4G1	EIF5A
EIF4G1	EXOC6B
EIF4G1	KRT26
EIF4G1	MBD5
EIF4G1	MCM4
EIF4G1	NTRK1
EIF4G1	PRKDC
EIF4G1	RPS10P2-AS1
EIF4G1	TERF2
EIF4G1	TRPM7
EIF5A	ELAVL2
EIF5A	FOXP1
EIF5A	NEDD4
EIF5A	PCCB
EIF5A	SKI
EIF5A	SMAD4
EIF5A	TCF7L2
ELAVL2	ELAVL3
ELAVL2	KCNH5
ELAVL2	MDGA2
ELAVL3	ELOVL2
ELAVL3	GDA
ELAVL3	PRICKLE1
ELAVL3	SHANK3
ELAVL3	SNTG2
ELAVL3	SYNGAP1
ELAVL3	TECTA
ELOVL2	ELP2
ELOVL2	KCNH7
ELOVL2	NACC1
ELOVL2	YTHDC2
ELP2	ELP4
ELP2	EXT1
ELP2	KPTN
ELP2	PUF60
ELP2	SRRM2
ELP4	EMSY
ELP4	NUDCD2
ELP4	POLA2
ELP4	PPFIA1
ELP4	ZBTB47
EMSY	EN2
EMSY	GRIN2A
EMSY	GRK4
EMSY	KNG1
EMSY	PCDHA8
EMSY	RALA
EMSY	SLITRK5
EMSY	TLE3
EMSY	ZNF774
EN2	ENOX2
EN2	GFAP
EN2	HIVEP2
EN2	HNRNPH2
EN2	KDM4C
EN2	MBD6
EN2	RHOXF1
EN2	SLC25A12
EN2	TBCEL
ENOX2	ENPP1
ENOX2	OPHN1
ENOX2	RAB2A
ENOX2	UBR1
ENPP1	EP300
ENPP1	KLHL20
ENPP1	PCDH15
ENPP1	PHF3
ENPP1	PPP2R5D
ENPP1	SMARCA2
ENPP1	SYP
EP300	EP400
EP300	GABBR2
EP300	GABRA2
EP300	MAPT
EP300	MYT1L
EP300	NUP133
EP300	ZNF292
EP400	EPC2
EP400	MBD3
EP400	OXTR
EP400	PDK2
EP400	PLXNA4
EP400	SGSH
EP400	TRAPPC6B
EPC2	EPHA1
EPC2	OXTR
EPC2	PITX1
EPC2	RICTOR
EPC2	RUNX1T1
EPC2	SRPRA
EPHA1	EPHB1
EPHA1	GABRA4
EPHA1	KDM4B
EPHA1	PATJ
EPHA1	RELN
EPHB1	EPHB2
EPHB1	GRIP1
EPHB1	MAOA
EPHB1	PTPN11
EPHB1	PTPRT
EPHB1	TAF4
EPHB2	EPPK1
EPHB2	ERMN
EPHB2	FBN1
EPHB2	HECTD4
EPHB2	NLGN4X
EPHB2	PEX7
EPHB2	PPFIA1
EPHB2	SRCAP
EPHB2	STAG1
EPPK1	ERBIN
EPPK1	HLA-A
EPPK1	HLA-B
EPPK1	NCOA1
EPPK1	PABPC1
EPPK1	PAH
EPPK1	PCDHA2
ERBIN	ERG
ERBIN	HECW2
ERBIN	METTL14
ERBIN	OXTR
ERG	ERMN
ERG	LAMA1
ERG	TBCK
ERMN	ESR2
ERMN	FCRL6
ERMN	GLO1
ERMN	GRIA2
ERMN	HMGN1
ERMN	KDM3A
ERMN	KIZ
ERMN	MAGEC3
ERMN	MAP4K1
ERMN	MAPT-AS1
ERMN	MBD4
ERMN	MEF2C
ERMN	MYO1E
ERMN	NCAPH2
ERMN	NKX2-2
ERMN	P2RX5
ERMN	PAFAH1B2
ERMN	PAK1
ERMN	PCDHA9
ERMN	POT1
ERMN	PREX1
ERMN	RBM27
ERMN	RGS7
ERMN	RHOXF1
ERMN	RICTOR
ERMN	SLC7A3
ERMN	STK39
ERMN	SYN2
ERMN	TBCK
ERMN	TBR1
ERMN	TM4SF19
ERMN	TRIM23
ERMN	TSPAN7
ERMN	UBR3
ERMN	USP15
ERMN	YWHAZ
ERMN	ZNF462
ESR2	ESRRB
ESR2	GALNT8
ESR2	GRIA1
ESR2	ITSN1
ESR2	LEMD3
ESR2	PAH
ESR2	PAX6
ESR2	PLCB1
ESR2	SMARCC2
ESRRB	ETFB
ESRRB	RNF38
ESRRB	SCP2
ESRRB	SYP
ESRRB	TMEM39B
ESRRB	ZNF626
ETFB	EXOC3
ETFB	GALNT8
ETFB	HMGN1
ETFB	IKZF1
ETFB	LAS1L
ETFB	MAOB
ETFB	UBR1
EXOC3	EXOC5
EXOC3	GRK4
EXOC3	HNRNPF
EXOC3	MSRA
EXOC3	NINL
EXOC3	POMT1
EXOC3	PPP5C
EXOC3	SLC25A12
EXOC3	SOS2
EXOC5	EXOC6
EXOC5	KCTD13
EXOC5	KDM6A
EXOC5	SLCO1B3
EXOC5	TBR1
EXOC5	ZBTB20
EXOC6	EXOC6B
EXOC6	GBE1
EXOC6	HYDIN
EXOC6	OR1C1
EXOC6	SRGAP3
EXOC6	TBC1D31
EXOC6	UNC79
EXOC6B	EXT1
EXOC6B	LHX2
EXOC6B	PPP5C
EXOC6B	PSMC5
EXOC6B	USP15
EXT1	FABP4
EXT1	GRK4
EXT1	HNRNPU
EXT1	MNT
FABP4	FABP5
FABP4	FCRL6
FABP4	NSD2
FABP4	QRICH1
FABP4	SF3B1
FABP4	SYBU
FABP5	FAM47A
FABP5	GALNT14
FABP5	PBX1
FABP5	PCDHAC2
FABP5	SCN2A
FAM47A	FAM98C
FAM47A	FBN1
FAM47A	PACS1
FAM47A	PCDHA4
FAM47A	TPO
FAM98C	FAN1
FAM98C	MAST1
FAM98C	MSNP1AS
FAM98C	NFIB
FAM98C	PPM1D
FAM98C	PTPRD
FAM98C	SYN2
FAN1	FAT1
FAN1	MSRA
FAN1	MYO5A
FAN1	VASH1
FAT1	FBN1
FAT1	ITSN1
FAT1	NR1D1
FAT1	SEZ6L2
FAT1	TAOK2
FAT1	TERF2
FAT1	TLN2
FBN1	FBRSL1
FBN1	MAP1A
FBN1	SASH1
FBN1	SETDB1
FBN1	ZNF548
FBRSL1	FBXL13
FBRSL1	GALNT8
FBRSL1	PCDHAC2
FBRSL1	RNU5B-1
FBRSL1	ZNF644
FBXL13	FBXO11
FBXL13	GABRA2
FBXL13	GALNT13
FBXO11	FBXO33
FBXO11	KIRREL3
FBXO11	MCM4
FBXO11	PHF2
FBXO11	SRGAP3
FBXO11	TFE3
FBXO11	TRAPPC2L
FBXO33	FBXO40
FBXO33	FMR1
FBXO33	HECW2
FBXO33	HIVEP3
FBXO33	IQSEC2
FBXO33	KRR1
FBXO33	MAP1A
FBXO33	MSNP1AS
FBXO33	ZFHX4
FBXO40	FCRL6
FBXO40	FEZF2
FBXO40	KDM4C
FBXO40	MAP4K4
FBXO40	MYO1E
FBXO40	PCDHAC2
FBXO40	RUNX1T1
FBXO40	SLC6A4
FCRL6	FEZF2
FCRL6	KMT2A
FCRL6	NUP155
FCRL6	OPHN1
FCRL6	PTPRD
FCRL6	TAOK1
FEZF2	FGA
FEZF2	NCAPH2
FEZF2	PCDHA3
FEZF2	PHRF1
FEZF2	RAB11FIP4
FEZF2	RERE
FEZF2	SLC6A8
FEZF2	TRAP1
FEZF2	ZNF626
FGA	FGF13
FGA	KAT6B
FGA	KCNK7
FGA	OFD1
FGA	P4HA2
FGA	POMGNT1
FGA	PRKN
FGA	PRPF19
FGA	ST8SIA2
FGF13	FGF14
FGF13	IL1RAPL2
FGF13	PSMD12
FGF13	ZMYM2
FGF14	FGFR1
FGF14	LNPK
FGF14	MIR137
FGF14	SNTG2
FGF14	TLK2
FGFR1	FHIT
FGFR1	GPC4
FGFR1	KCTD13
FGFR1	MUC12
FGFR1	TSPYL2
FGFR1	UBE3A
FGFR1	UNC80
FHIT	FLNA
FHIT	KATNAL2
FHIT	MAST1
FHIT	PCDHA3
FHIT	PRPF39
FHIT	QRICH1
FHIT	RAPGEF4
FHIT	ZMYM3
FLNA	FMR1
FLNA	KAT2B
FLNA	NPFFR2
FLNA	RALA
FLNA	RBBP5
FLNA	RFX3
FLNA	YEATS2
FMR1	FOXG1
FMR1	MNT
FMR1	PTPN11
FOXG1	FOXP1
FOXG1	NTRK3
FOXG1	PLCB1
FOXG1	UBR5
FOXP1	FOXP2
FOXP1	GUCY1A2
FOXP1	KDM2A
FOXP1	TRIO
FOXP1	ZNF548
FOXP2	FRG1
FOXP2	HIVEP2
FOXP2	HLA-DPB1
FOXP2	NXPH1
FOXP2	PDZD8
FOXP2	QRICH1
FOXP2	SCN2A
FRG1	FRK
FRG1	PCDH9
FRG1	TTN
FRG1	ZNF385B
FRG1	ZSWIM6
FRK	FRMD5
FRK	GBE1
FRK	OXT
FRK	P2RX5
FRK	RERE
FRK	RSRC1
FRK	SHANK1
FRMD5	FRMPD4
FRMD5	OCRL
FRMD5	TAF1C
FRMD5	UNC13A
FRMPD4	FRRS1L
FRMPD4	IL1RAPL2
FRMPD4	KIF14
FRMPD4	MED23
FRMPD4	PPP2R1B
FRMPD4	SRGAP3
FRRS1L	FRYL
FRRS1L	MBD6
FRRS1L	PCDHA4
FRRS1L	SLC9A9
FRRS1L	SSR4
FRYL	FXN
FRYL	KATNAL2
FRYL	KCNB1
FRYL	NOTCH1
FXN	G3BP2
FXN	GABRG2
FXN	GPX1
FXN	KCND3
FXN	KPTN
FXN	SLC25A39
FXN	TBCEL
FXN	ZSWIM6
G3BP2	GABBR2
G3BP2	SKI
GABBR2	GABRA3
GABBR2	MAPK3
GABBR2	MFRP
GABBR2	NIPBL
GABBR2	RANBP17
GABRA2	GABRG2
GABRA2	OCRL
GABRA2	PCDHA8
GABRA2	SCFD2
GABRA2	SYNCRIP
GABRA2	TOP2B
GABRA2	YWHAG
GABRA2	ZSWIM6
GABRA3	GABRA4
GABRA3	MAP1B
GABRA3	SH3RF1
GABRA3	TET3
GABRA3	TNRC6B
GABRA4	GABRB2
GABRA4	MAGEL2
GABRA4	MSRA
GABRA4	NTNG1
GABRA4	NTNG2
GABRB2	GABRB3
GABRB2	GALNT10
GABRB2	PTBP2
GABRB2	TRPM3
GABRB3	GABRA2
GABRB3	GRIA3
GABRB3	NSMCE3
GABRB3	PLAA
GABRB3	SLC45A1
GABRB3	TCF20
GABRB3	TRPC4
GABRB3	ZFHX4
GABRG2	GABRG3
GABRG2	LHX2
GABRG2	MBD6
GABRG2	ROBO2
GABRG3	GALNT10
GABRG3	NLGN4X
GABRG3	PLXNB1
GABRG3	POLA2
GABRG3	QRICH1
GABRG3	SETDB1
GABRG3	SYNCRIP
GABRG3	UNC79
GALNT10	GALNT13
GALNT10	MEIS2
GALNT10	PJA1
GALNT10	ZBTB7A
GALNT13	GALNT14
GALNT13	PAFAH1B2
GALNT13	RERE
GALNT13	SBF1
GALNT14	GALNT2
GALNT14	HACE1
GALNT14	PER1
GALNT14	POMT1
GALNT14	PTCHD1
GALNT14	QRICH1
GALNT14	SRGAP3
GALNT14	TOP2B
GALNT14	UBR3
GALNT14	WDFY4
GALNT2	GALNT8
GALNT2	MSANTD2
GALNT2	PTDSS1
GALNT2	SMARCA2
GALNT2	SMARCA4
GALNT2	ZNF517
GALNT8	GAS2
GALNT8	GLIS1
GALNT8	GRK4
GALNT8	HTR3A
GALNT8	KIF13B
GALNT8	KMT5B
GALNT8	MACF1
GALNT8	MACROD2
GALNT8	MSANTD2
GALNT8	MYO16
GALNT8	NLGN3
GALNT8	NR3C2
GALNT8	NSD1
GALNT8	OR1C1
GALNT8	PBX1
GALNT8	PPP1R9B
GALNT8	RNF135
GALNT8	RPS6KA3
GALNT8	SSRP1
GALNT8	TM4SF20
GALNT8	TRIO
GALNT8	TSC1
GALNT8	UBE2H
GALNT8	USP24
GALNT8	USP30
GALNT8	YWHAZ
GALNT8	ZMYND11
GALNT8	ZNF804A
GAS2	GATM
GAS2	H2BC11
GAS2	KANK1
GAS2	KCNC1
GAS2	MRTFB
GAS2	NAV3
GATM	GBE1
GATM	GLO1
GATM	GRK4
GATM	IMMP2L
GATM	KMT2E
GATM	RORB
GATM	SORCS3
GATM	ST7
GATM	ZBTB20
GBE1	GDA
GBE1	GNAI1
GBE1	GNAS
GBE1	HEPACAM
GBE1	KAT6B
GBE1	KCNA2
GBE1	KDM1A
GBE1	LAMB1
GBE1	LEO1
GBE1	LMTK3
GBE1	MEGF11
GBE1	MYH10
GBE1	NKX2-2
GBE1	POT1
GBE1	PRR12
GBE1	PRR14L
GBE1	SATB1
GBE1	SCN3A
GBE1	SHANK3
GBE1	SLC35B1
GBE1	SLC6A8
GBE1	SLC7A7
GBE1	STAG1
GBE1	SYN1
GBE1	SYNCRIP
GBE1	SYNJ1
GBE1	TAF1
GBE1	TNRC6C
GBE1	TNS2
GBE1	TSC2
GBE1	UBR5
GBE1	UNC79
GBE1	ZNF292
GBE1	ZNF626
GBE1	ZNF711
GBE1	ZSWIM6
GDA	GFAP
GDA	SMARCA2
GDA	TBC1D5
GFAP	GGNBP2
GFAP	HS3ST5
GFAP	MYO1E
GFAP	NAV2
GFAP	NR1D1
GFAP	QRICH1
GFAP	SNX5
GFAP	ZNF385B
GGNBP2	GIGYF1
GGNBP2	MAP4K1
GGNBP2	SCN4A
GIGYF1	GIGYF2
GIGYF1	ILF2
GIGYF1	KCNH5
GIGYF1	USH2A
GIGYF2	GLI3
GIGYF2	LZTS2
GIGYF2	MACF1
GIGYF2	PCDHA8
GIGYF2	PLPPR4
GIGYF2	PPP1R9B
GIGYF2	RASSF5
GIGYF2	SLC25A12
GIGYF2	SLC27A4
GIGYF2	SYNE1
GIGYF2	TDO2
GIGYF2	ZNF462
GLI3	GLIS1
GLI3	GRM5
GLI3	H2BC11
GLI3	HTR3A
GLI3	KDM6B
GLI3	LEMD3
GLI3	MAP1B
GLI3	SHANK2
GLI3	TLK2
GLIS1	GLO1
GLIS1	LRRC4C
GLIS1	NRCAM
GLIS1	PTDSS1
GLIS1	RIMS1
GLO1	GLRA2
GLO1	NCKAP5
GLO1	PPM1D
GLO1	SASH1
GLO1	SHOX
GLO1	TRPC5
GLRA2	GNAI1
GLRA2	KATNAL1
GLRA2	MED12L
GLRA2	METTL26
GLRA2	NFIX
GNAI1	GNAS
GNAI1	OTX1
GNAI1	PRICKLE1
GNAI1	SRCAP
GNAI1	TRRAP
GNAI1	ZBTB18
GNAS	GNB1L
GNAS	HOXA1
GNAS	KCNMA1
GNAS	MEF2C
GNAS	PCDH10
GNAS	QRICH1
GNAS	RNF25
GNAS	SCAF1
GNB1L	GNB2
GNB1L	IKZF1
GNB1L	LEO1
GNB1L	SETDB1
GNB2	GPC4
GNB2	IL1R2
GNB2	MTSS2
GNB2	PPP2R5C
GNB2	SCN3A
GNB2	TAF6
GNB2	TBC1D23
GNB2	TET2
GNB2	USP24
GPC4	GPC5
GPC4	KDM1A
GPC4	PIK3CA
GPC4	PRPF39
GPC4	SLC9A1
GPC4	SRCAP
GPC5	GPC6
GPC5	KATNAL2
GPC5	MBD4
GPC5	MIR137
GPC5	PDZD8
GPC5	SETDB2
GPC5	SLC7A5
GPC5	SLC9A6
GPC6	GPD2
GPC6	GRB10
GPC6	HNRNPUL2
GPC6	RNU4-2
GPC6	SMURF1
GPC6	VEZF1
GPD2	GPHN
GPD2	KLF7
GPD2	SLC1A2
GPD2	SLC6A1
GPHN	GPR37
GPHN	KRR1
GPHN	MYH10
GPHN	PSMD6
GPHN	SCAF4
GPHN	TBX22
GPR37	GPR85
GPR37	KCNH1
GPR37	MSRA
GPR37	NXF1
GPR37	PIK3R2
GPR85	GPX1
GPR85	HACE1
GPR85	PHIP
GPR85	PLN
GPR85	UBN2
GPX1	GRB10
GPX1	LDB1
GPX1	MAP4K1
GPX1	NTRK1
GPX1	SPARCL1
GPX1	TRAP1
GPX1	VAMP2
GRB10	GRIA1
GRB10	PCDHA3
GRB10	SMC1A
GRIA1	GRIA2
GRIA1	KIF5C
GRIA1	NAA15
GRIA1	TBR1
GRIA1	TNRC6B
GRIA1	ZNF804A
GRIA2	GRIA3
GRIA2	PACS1
GRIA2	PDK2
GRIA3	GRID1
GRIA3	NUP155
GRIA3	TRIP12
GRID1	GRID2
GRID1	GRK4
GRID1	INTS6
GRID1	SLFN5
GRID1	TRIM23
GRID2	GRID2IP
GRID2	RNF135
GRID2	RNU2-2
GRID2	SEMA5A
GRID2	ST8SIA2
GRID2IP	GRIK2
GRID2IP	METTL14
GRID2IP	MINK1
GRID2IP	MUC12
GRID2IP	POGZ
GRID2IP	TRPM3
GRIK2	GRIK3
GRIK2	HNRNPU
GRIK2	MACROD2
GRIK2	MED13
GRIK2	NAALADL2
GRIK2	SCFD2
GRIK2	SND1
GRIK2	SON
GRIK2	YTHDC2
GRIK3	GRIK4
GRIK3	HNRNPK
GRIK3	MAGEC3
GRIK3	OR1C1
GRIK3	OR2T10
GRIK3	SENP6
GRIK3	TSC2
GRIK4	GRIK5
GRIK4	MBD3
GRIK4	OXT
GRIK4	PPP1R9B
GRIK4	SLITRK5
GRIK4	VIL1
GRIK5	GRIN1
GRIK5	SATB2
GRIK5	SENP1
GRIK5	ZBTB20
GRIN1	GRIN2A
GRIN1	HACE1
GRIN1	MCM6
GRIN1	SUPT16H
GRIN1	TNS2
GRIN1	USP15
GRIN1	USP27X
GRIN2A	GRIN2B
GRIN2A	HRAS
GRIN2A	IRF2BPL
GRIN2A	PCCA
GRIN2A	SEZ6L2
GRIN2A	SYCE1
GRIN2A	WDFY3
GRIN2B	GRIP1
GRIN2B	PLN
GRIN2B	SCAF4
GRIN2B	SHOX
GRIN2B	UBE2H
GRIP1	GRK4
GRIP1	LRP2
GRIP1	MED13L
GRIP1	PTPRS
GRIP1	RAB39B
GRIP1	VAMP2
GRIP1	WDR26
GRK4	GRM5
GRK4	HNRNPD
GRK4	IQSEC2
GRK4	LDB1
GRK4	MBD3
GRK4	MBD6
GRK4	NAA10
GRK4	PAX6
GRK4	PCCB
GRK4	PNPLA7
GRK4	POGZ
GRK4	POMT1
GRK4	POU3F3
GRK4	PPP1R1B
GRK4	PPP5C
GRK4	RAB43
GRK4	RAPGEF4
GRK4	RIMS2
GRK4	RORA
GRK4	SET
GRK4	SLC38A10
GRK4	SLC7A7
GRK4	SLC9A6
GRK4	SMAD4
GRK4	SOX6
GRK4	TGM1
GRK4	TNRC6C
GRK4	TSPOAP1
GRK4	WDR37
GRK4	ZFYVE26
GRK4	ZNF559
GRK4	ZSWIM6
GRM5	GRM7
GRM5	IL1R2
GRM5	RBBP5
GRM5	SLC4A10
GRM5	ST7
GRM5	TRPM6
GRM7	GTF2I
GRM7	MED13L
GRM7	NLGN1
GRM7	PARD3B
GRM7	PATJ
GRM7	PPP1R1B
GRM7	SETD5
GRM7	SLC22A15
GRM7	SYNCRIP
GSTM1	HCFC1
GSTM1	KDM3A
GSTM1	NFIA
GSTM1	TECTA
GSTM1	TSC1
GTF2I	GUCY1A2
GTF2I	MSRA
GTF2I	NEO1
GTF2I	RPH3A
GTF2I	TBC1D31
GUCY1A2	H1-4
GUCY1A2	KCNH1
GUCY1A2	PRPF39
GUCY1A2	RP11-1407O15.2
GUCY1A2	SHOX
GUCY1A2	ZNF713
H1-4	H2BC11
H1-4	KIF1A
H1-4	MACF1
H1-4	MCPH1
H1-4	TRIP12
H2BC11	H3-3B
H2BC11	ITSN1
H2BC11	LDB1
H2BC11	LRRC4C
H2BC11	RPS6KA3
H3-3B	H4C11
H3-3B	KDM5A
H3-3B	MEIS2
H3-3B	NLGN3
H3-3B	SEZ6L2
H3-3B	TRPM3
H4C11	H4C3
H4C11	PC
H4C11	ST7
H4C11	TFE3
H4C11	UIMC1
H4C11	ZSWIM6
H4C3	H4C5
H4C3	LARP1
H4C3	LEO1
H4C3	NFIB
H4C3	WAC
H4C5	HACE1
H4C5	NIPA1
H4C5	PDE1C
H4C5	RAC1
H4C5	TM9SF4
HACE1	GSTM1
HACE1	PHIP
HACE1	SDC2
HACE1	SETDB2
HACE1	TBCB
HCFC1	HCN1
HCFC1	HRAS
HCFC1	MTOR
HCFC1	TANC2
HCN1	HDAC4
HCN1	HEPACAM
HCN1	SNAP25
HCN1	SYNE1
HDAC4	HDAC8
HDAC4	HNRNPL
HDAC4	MYH9
HDAC4	SCN9A
HDAC4	SOX6
HDAC4	SUPT16H
HDAC8	HDLBP
HDAC8	KCND3
HDAC8	PLEKHA8
HDAC8	SET
HDAC8	SETD1B
HDAC8	SLC6A3
HDAC8	SLC6A8
HDLBP	HECTD1
HDLBP	KPTN
HDLBP	LAMB1
HDLBP	MIR137
HDLBP	ZNF713
HECTD1	HECTD4
HECTD1	PTK7
HECTD1	UNC13A
HECTD1	ZFHX3
HECTD4	HECW2
HECTD4	MAP1A
HECTD4	MSRA
HECTD4	NDUFA5
HECTD4	SLC25A39
HECTD4	TBL1X
HECW2	HEPACAM
HECW2	KIF13B
HECW2	PHF12
HECW2	SLC6A3
HECW2	ZNF713
HEPACAM	HERC1
HEPACAM	MACF1
HEPACAM	OTUD7A
HEPACAM	PACS1
HEPACAM	SND1
HEPACAM	TSPAN4
HEPACAM	U2AF2
HERC1	HERC2
HERC1	KMT5B
HERC1	NAA10
HERC1	NPFFR2
HERC1	VEZF1
HERC2	HIVEP2
HERC2	NR2F1
HERC2	SLC45A1
HERC2	SMC1A
HERC2	SYCE1
HERC2	TFE3
HIVEP2	HIVEP3
HIVEP2	INTS6
HIVEP2	IQGAP3
HIVEP2	KDM4B
HIVEP2	MSR1
HIVEP2	MYLK
HIVEP2	SLC27A4
HIVEP3	HLA-A
HIVEP3	JMJD1C
HIVEP3	LRFN5
HIVEP3	NASP
HIVEP3	PTDSS1
HIVEP3	SH3RF3
HIVEP3	SYNCRIP
HLA-A	HLA-B
HLA-A	PLAUR
HLA-A	ZNF804A
HLA-B	HLA-DPB1
HLA-B	MUC12
HLA-B	PDE3B
HLA-B	PHIP
HLA-B	SRGAP3
HLA-B	TBC1D5
HLA-DPB1	HLA-DRB1
HLA-DPB1	HNRNPD
HLA-DPB1	MSL2
HLA-DPB1	SETD1B
HLA-DPB1	TRPM6
HLA-DPB1	ZMYM2
HLA-DRB1	HLA-G
HLA-DRB1	KCNA2
HLA-DRB1	OXTR
HLA-DRB1	PCDHA1
HLA-G	HMGN1
HLA-G	IQSEC2
HLA-G	KCNK7
HLA-G	MYH4
HLA-G	RASSF5
HLA-G	TAOK1
HMGN1	HNRNPD
HMGN1	KCNA3
HMGN1	PCDHA4
HMGN1	PHF7
HMGN1	RPL10
HMGN1	UGGT1
HMGN1	VCP
HNRNPD	HNRNPF
HNRNPD	NR1D1
HNRNPD	PCCA
HNRNPD	SATB2
HNRNPF	HNRNPH2
HNRNPF	MARK2
HNRNPF	MCM6
HNRNPF	PLAUR
HNRNPF	SMARCA2
HNRNPH2	HNRNPK
HNRNPH2	LRFN5
HNRNPH2	OFD1
HNRNPH2	SLC24A2
HNRNPH2	UBAP2L
HNRNPK	HNRNPR
HNRNPK	KCNA2
HNRNPK	SETD5
HNRNPK	TOP2B
HNRNPL	IGF1
HNRNPL	IL1RAPL2
HNRNPL	NINL
HNRNPL	OCRL
HNRNPL	PJA1
HNRNPL	RPL10
HNRNPR	HNRNPU
HNRNPR	PACS2
HNRNPR	RLIM
HNRNPR	ZNF462
HNRNPU	HNRNPUL2
HNRNPU	IGF1
HNRNPU	ILF2
HNRNPU	KIAA0232
HNRNPU	POMGNT1
HNRNPU	SCN3A
HNRNPU	TCEAL1
HNRNPU	TMLHE
HNRNPU	USP30
HNRNPU	ZNF292
HNRNPUL2	HOMER1
HNRNPUL2	ITSN1
HNRNPUL2	KDM2A
HNRNPUL2	OTX1
HNRNPUL2	RASSF5
HNRNPUL2	SYNCRIP
HOMER1	HOXA1
HOMER1	TSPAN17
HOXA1	HRAS
HOXA1	LMTK3
HOXA1	PLAUR
HOXA1	TBX22
HOXA1	UBE2H
HRAS	HS3ST5
HRAS	KCNA2
HRAS	LEO1
HRAS	MUC12
HRAS	NLGN4Y
HRAS	RAB43
HRAS	STX1A
HS3ST5	HSD11B1
HS3ST5	KNG1
HS3ST5	TRRAP
HS3ST5	VEZF1
HSD11B1	HTR1B
HSD11B1	KDM3A
HSD11B1	RAP1A
HSD11B1	RIMS1
HSD11B1	SOS2
HTR1B	HTR2C
HTR1B	MAOA
HTR1B	PPFIA3
HTR1B	RNU2-2
HTR1B	SCN1A
HTR1B	SLC7A7
HTR1B	SPP2
HTR2C	HTR3A
HTR2C	NCKAP1
HTR2C	RSRC1
HTR2C	TRPC5
HTR3A	HTR3C
HTR3A	INTS1
HTR3A	ITGA8
HTR3A	PER2
HTR3A	SLC25A12
HTR3C	HUWE1
HTR3C	USP27X
HUWE1	HYDIN
HUWE1	KCNH1
HUWE1	KCTD13
HUWE1	NFIA
HUWE1	NXF1
HUWE1	TERF2
HYDIN	ICA1
HYDIN	LAMA1
HYDIN	PLXNA4
HYDIN	SHOX
HYDIN	XPC
ICA1	IGF1
ICA1	KCTD13
ICA1	LAMB1
ICA1	PAFAH1B2
ICA1	PAK2
ICA1	PATJ
ICA1	PCDH19
ICA1	RBM27
IGF1	IKZF1
IGF1	MED13
IGF1	TCF7L2
IGF1	THRA
IGF1	TRPC4
IGF1	ZFX
IKZF1	IL1R2
IKZF1	MYLK
IKZF1	PDE3B
IKZF1	TCEAL1
IL1R2	IL1RAPL1
IL1R2	LRFN2
IL1R2	MYO16
IL1R2	NIPA1
IL1R2	SYBU
IL1RAPL1	HNRNPL
IL1RAPL1	PRKCB
IL1RAPL1	PRKDC
IL1RAPL1	RAB43
IL1RAPL1	SACS
IL1RAPL1	TAOK2
IL1RAPL1	THRA
IL1RAPL1	TRIP12
IL1RAPL1	TSC2
IL1RAPL1	UPF2
IL1RAPL2	ILF2
IL1RAPL2	MEMO1
IL1RAPL2	PCDH10
IL1RAPL2	PPP3CA
IL1RAPL2	SYNGAP1
IL1RAPL2	TNS2
ILF2	IMMP2L
ILF2	POMT1
ILF2	TRIO
IMMP2L	INPP1
IMMP2L	RORA
IMMP2L	TBL1XR1
IMMP2L	TSPOAP1
IMMP2L	YWHAE
INPP1	INTS1
INPP1	RASSF5
INPP1	ZBTB47
INTS1	INTS6
INTS1	LAMB1
INTS1	SCP2
INTS1	SLC45A1
INTS1	TET2
INTS6	IQGAP3
INTS6	PLXNB1
INTS6	PYHIN1
INTS6	TECTA
IQGAP3	IQSEC2
IQGAP3	LDLR
IQGAP3	LMTK3
IQGAP3	PSD3
IQGAP3	SEZ6L2
IQGAP3	SMARCC2
IQSEC2	IRF2BPL
IQSEC2	MINK1
IQSEC2	TRPM1
IQSEC2	USP15
IQSEC2	ZBTB47
IRF2BPL	IRX5
IRF2BPL	PON1
IRF2BPL	SOD1
IRF2BPL	STK39
IRX5	ITGA8
IRX5	KDM5C
IRX5	RELN
IRX5	TBR1
IRX5	TRIM8
IRX5	USP45
IRX5	XPC
ITGA8	ITGB3
ITGA8	PRR12
ITGA8	SLC6A4
ITGA8	TRIM32
ITGB3	ITPR1
ITGB3	KANK1
ITGB3	NFE2L3
ITGB3	NFIA
ITGB3	PCDH10
ITPR1	ITSN1
ITPR1	MAGEL2
ITPR1	PLXNA3
ITPR1	PPP1R1B
ITPR1	PRR14L
ITPR1	ZBTB47
ITSN1	JARID2
ITSN1	SDC2
ITSN1	TCF20
ITSN1	TDO2
ITSN1	VEZF1
JARID2	JMJD1C
JARID2	PCDH11X
JARID2	RHOXF1
JARID2	SACS
JARID2	TSC1
JMJD1C	KANK1
JMJD1C	PCDHA7
JMJD1C	PPP1R9B
JMJD1C	TAF4
JMJD1C	TRIO
KANK1	KANSL1
KANK1	MYH9
KANK1	SNTG2
KANK1	STXBP1
KANK1	TBX22
KANK1	ZMYM3
KANSL1	KAT2B
KANSL1	MSRA
KANSL1	OXT
KANSL1	PER1
KANSL1	RERE
KANSL1	SLC9A9
KAT2B	KAT6A
KAT2B	PLCD4
KAT2B	PPM1D
KAT2B	TBL1XR1
KAT6A	KAT6B
KAT6A	KCNQ2
KAT6A	NEDD4
KAT6A	NTRK1
KAT6A	OR2M4
KAT6B	KATNAL1
KATNAL1	KATNAL2
KATNAL1	MYO5C
KATNAL1	NSD1
KATNAL1	SETDB2
KATNAL1	TBX1
KATNAL1	TMEM134
KATNAL2	KCNA2
KATNAL2	PPP1R9B
KATNAL2	SLC1A2
KCNA2	KCNA3
KCNA2	KCND2
KCNA2	NPAS3
KCNA2	PCDHA10
KCNA2	PHB1
KCNA2	POLR3A
KCNA2	STAG1
KCNA2	ZNF18
KCNA3	KCNB1
KCNA3	KMT2B
KCNA3	PCCB
KCNA3	SBF1
KCNA3	TBC1D5
KCNB1	KCNC1
KCNB1	MBD4
KCNB1	NAA15
KCNB1	NRXN3
KCNB1	SPEN
KCNC1	KCNC2
KCNC1	MIB1
KCNC1	RIT2
KCNC1	SBF1
KCNC1	TGM1
KCNC2	KCND2
KCNC2	MED12L
KCNC2	MED13L
KCNC2	POT1
KCNC2	PTCHD1
KCNC2	SPP2
KCNC2	TAOK1
KCNC2	TSC2
KCND2	KCND3
KCND2	PCLO
KCND2	SKI
KCND2	SLC35G1
KCND2	SYBU
KCND2	TUBGCP5
KCND3	KCNH1
KCND3	LRFN5
KCND3	MYH4
KCND3	PHF21A
KCND3	PTK7
KCNH1	KCNH5
KCNH1	NAV2
KCNH1	SAE1
KCNH1	SLC9A9
KCNH1	SMAD4
KCNH1	TNRC6C
KCNH1	UBE3C
KCNH5	KCNH7
KCNH5	NRP2
KCNH5	PCDHAC1
KCNH5	RPL10
KCNH5	SLC22A9
KCNH5	SLC25A27
KCNH5	VDR
KCNH7	KCNJ10
KCNH7	PCDH10
KCNH7	SLC22A9
KCNH7	SYNE1
KCNH7	TM4SF19
KCNJ10	KCNJ15
KCNJ10	SYCE1
KCNJ10	TET3
KCNJ10	UNC13A
KCNJ15	KCNK7
KCNJ15	OTX1
KCNJ15	TRIM33
KCNJ15	XPO1
KCNK7	KCNMA1
KCNK7	POMGNT1
KCNK7	ZNF711
KCNMA1	KCNN2
KCNMA1	KDM2B
KCNMA1	TEK
KCNN2	KCNQ2
KCNN2	KIZ
KCNN2	PACS1
KCNN2	RNF25
KCNN2	SMURF1
KCNQ2	KCNQ3
KCNQ2	KRR1
KCNQ2	MIR137
KCNQ2	SHANK2
KCNQ2	SLC22A15
KCNQ3	KCNS3
KCNQ3	NEGR1
KCNQ3	PCM1
KCNQ3	PHF8
KCNQ3	TAOK2
KCNQ3	TOP3B
KCNS3	KCTD13
KCNS3	KDM1A
KCNS3	PLPPR4
KCNS3	SYN2
KCNS3	TAF1C
KCNS3	TBR1
KCNS3	TRAPPC6B
KCTD13	KDM1B
KCTD13	KLHL20
KCTD13	KRR1
KCTD13	LHX2
KCTD13	LRBA
KCTD13	MAPK8IP3
KCTD13	MED12L
KCTD13	PCCB
KCTD13	PCDHA5
KCTD13	PDZD8
KCTD13	PER2
KCTD13	PHF2
KCTD13	PLAA
KCTD13	PRKCB
KCTD13	PRR14L
KCTD13	PSMD11
KCTD13	PSMD12
KCTD13	RAB11FIP4
KCTD13	RFX7
KCTD13	RGS7
KCTD13	RNU2-2
KCTD13	RNU5B-1
KCTD13	RPS6KA2
KCTD13	SAE1
KCTD13	SLITRK2
KCTD13	SMAP2
KCTD13	SRRM2
KCTD13	SRSF1
KCTD13	ST7
KCTD13	STXBP1
KCTD13	SYN2
KCTD13	TBC1D5
KCTD13	TBX1
KCTD13	TCF20
KCTD13	TDO2
KCTD13	TRIP12
KCTD13	YWHAE
KCTD13	ZNF559
KCTD13	ZNF827
KDM1A	KDM5C
KDM1A	MCPH1
KDM1A	SERPINE1
KDM1A	SYT1
KDM1A	TTI2
KDM1B	KDM2A
KDM1B	OR1C1
KDM1B	SYCE1
KDM2A	KDM2B
KDM2A	SYNGAP1
KDM2B	KDM3A
KDM2B	NIPA2
KDM2B	NMT1
KDM2B	PHB1
KDM2B	SLC25A12
KDM2B	TERB2
KDM2B	ZC3H4
KDM3A	KDM3B
KDM3A	NR2F1
KDM3A	PLCB1
KDM3A	PUF60
KDM3A	RORB
KDM3A	TSPAN7
KDM3B	KDM4B
KDM3B	MAGEL2
KDM3B	NEO1
KDM3B	TLN2
KDM3B	TRAF7
KDM4B	KDM4C
KDM4B	PBX1
KDM4B	PLAUR
KDM4B	SLC25A12
KDM4C	KDM5A
KDM4C	KIF1A
KDM4C	SET
KDM4C	TPO
KDM5A	KDM5B
KDM5A	PRICKLE1
KDM5A	PTGS2
KDM5A	RIMS3
KDM5A	SLC25A12
KDM5A	SLCO1B3
KDM5A	ZNF626
KDM5B	KDM1A
KDM5B	MSL2
KDM5B	PLAA
KDM5B	SYT1
KDM5B	TSPOAP1
KDM5C	KDM6A
KDM5C	KIZ
KDM5C	NUP155
KDM5C	TFE3
KDM5C	TTN
KDM6A	KDM6B
KDM6A	MEF2C
KDM6A	PHF3
KDM6A	ZMYM2
KDM6B	KHDRBS2
KDM6B	PEX7
KDM6B	TRPM7
KDM6B	VASH1
KDM6B	WDFY3
KHDRBS2	KIAA0232
KHDRBS2	MACROD2
KHDRBS2	PHF2
KHDRBS2	POLR3A
KHDRBS2	QRICH1
KHDRBS2	SHOX
KHDRBS2	ST7
KIAA0232	KIAA1586
KIAA0232	MEIS2
KIAA0232	POLR3A
KIAA0232	TSHZ3
KIAA0232	TTI2
KIAA1586	KIF13B
KIAA1586	MYO1E
KIAA1586	NAV2
KIAA1586	PCDHA10
KIAA1586	TERB2
KIF13B	KIF14
KIF13B	PTPRT
KIF13B	RAI1
KIF14	KIF1A
KIF14	MAP4K1
KIF14	NCOA1
KIF14	ZNF385B
KIF1A	KIF5C
KIF1A	MTHFR
KIF1A	RFX3
KIF1A	SAE1
KIF1A	SLC25A27
KIF5C	KIRREL3
KIF5C	NR2F1
KIF5C	NXPH1
KIF5C	PAK1
KIF5C	TBC1D31
KIF5C	TRAF7
KIRREL3	KIZ
KIRREL3	LRFN5
KIRREL3	MNT
KIRREL3	NUP155
KIRREL3	PCCA
KIRREL3	SYT17
KIRREL3	VWA7
KIRREL3	ZMYND11
KIZ	KLF16
KIZ	LEP
KIZ	PHIP
KIZ	SIN3B
KLF16	KLF7
KLF16	MAPT-AS1
KLF16	OR2T10
KLF16	PCCA
KLF16	PCDHA9
KLF16	SLC6A3
KLF7	KLHL20
KLF7	NSD2
KLF7	PCDHA4
KLF7	SETBP1
KLHL20	KMT2A
KLHL20	NSD1
KLHL20	RALGAPB
KMT2A	KMT2B
KMT2A	NLGN2
KMT2A	PSMD6
KMT2B	KMT2C
KMT2B	PLPPR4
KMT2B	RHOXF1
KMT2B	SPAST
KMT2B	TRAPPC9
KMT2B	TRIM8
KMT2B	UBE3C
KMT2C	KMT2E
KMT2C	MIR137
KMT2C	NKX2-2
KMT2C	SLC25A12
KMT2C	SLFN5
KMT2C	SND1
KMT2E	KMT5B
KMT2E	THRA
KMT2E	ZBTB20
KMT2E	ZBTB47
KMT2E	ZBTB7A
KMT5B	KNG1
KMT5B	LILRB2
KMT5B	PCDHA12
KMT5B	POT1
KMT5B	SSRP1
KMT5B	TCF4
KMT5B	USP9X
KNG1	KPTN
KNG1	PLCD4
KNG1	STK39
KNG1	TDO2
KNG1	TOP3B
KNG1	TRPC6
KPTN	KRR1
KPTN	PCCB
KRR1	KRT26
KRR1	MAOB
KRR1	PHF2
KRR1	RNU4-2
KRR1	SLC35G1
KRR1	SRGAP3
KRT26	LAMA1
KRT26	PTPN11
KRT26	QRICH1
KRT26	RORA
KRT26	TBCB
LAMA1	LAMB1
LAMA1	MAGEC3
LAMA1	PRICKLE2
LAMA1	SHOX
LAMA1	TMLHE
LAMB1	LARP1
LAMB1	SLC6A4
LAMB1	YWHAE
LARP1	LAS1L
LARP1	RNU5B-1
LARP1	RPL10
LARP1	YY1
LAS1L	LDB1
LAS1L	MYO5A
LAS1L	PCCA
LAS1L	PER2
LDB1	LDLR
LDB1	MBD4
LDB1	MYT1L
LDB1	PSMD12
LDB1	RAB11FIP5
LDB1	YWHAG
LDLR	LEMD3
LDLR	MAOA
LDLR	MEGF10
LDLR	MINK1
LDLR	ZMYND11
LEMD3	LEO1
LEMD3	MED23
LEMD3	SET
LEMD3	SETDB2
LEO1	LEP
LEO1	LHX2
LEO1	METTL26
LEO1	SLC25A39
LEO1	UPF2
LEP	LHX2
LEP	NUP133
LEP	PAPOLG
LEP	PDE3B
LEP	PTPN11
LEP	RNF25
LEP	SGSM3
LHX2	LILRB2
LHX2	LIN7B
LHX2	TEK
LHX2	TSHZ3
LILRB2	LIN7B
LILRB2	NPAS3
LILRB2	RBM27
LILRB2	RPS6KA3
LILRB2	TNRC6B
LIN7B	LMTK3
LIN7B	MCM6
LIN7B	PXDN
LMTK3	LMX1B
LMTK3	MAP4K4
LMTK3	MEGF10
LMTK3	SLC9A9
LMTK3	TNPO3
LMTK3	ZC3H4
LMX1B	LNPK
LMX1B	OR2M4
LMX1B	PRKD1
LNPK	LRBA
LNPK	PHIP
LNPK	PPFIA3
LNPK	SCFD2
LNPK	SETDB2
LNPK	TBCK
LNPK	VCP
LNPK	ZBTB47
LRBA	LRFN2
LRBA	NRXN3
LRBA	RSRC1
LRBA	TBX22
LRBA	TGM1
LRBA	YWHAE
LRFN2	LRFN5
LRFN2	PAX5
LRFN2	PCDHA1
LRFN2	PCDHA7
LRFN2	TSPYL2
LRFN5	LRP1
LRFN5	NXF1
LRFN5	PTCHD1-AS
LRFN5	RORB
LRFN5	TSHZ1
LRFN5	ZWILCH
LRP1	LRP2
LRP1	LRRC4C
LRP1	MYO1E
LRP1	MYO5A
LRP1	PON1
LRP1	PSMD12
LRP1	TUBGCP5
LRP2	LRRC1
LRP2	PTK7
LRP2	SOS2
LRP2	ST7
LRP2	TRIP12
LRRC1	LRRC4
LRRC1	PAFAH1B2
LRRC1	PCM1
LRRC1	RAP1A
LRRC1	SCN2A
LRRC4	LRRC4C
LRRC4	NFIB
LRRC4	SLFN5
LRRC4	WDR37
LRRC4C	LZTR1
LRRC4C	MAPT
LRRC4C	PCDHA4
LRRC4C	PPM1D
LZTR1	MACF1
LZTR1	MDGA2
LZTR1	NEXMIF
LZTR1	NLGN2
LZTR1	PRKDC
LZTR1	SETD2
LZTS2	MAPT-AS1
LZTS2	NPAS3
LZTS2	USP27X
MACF1	MACROD2
MACF1	NLGN2
MACF1	POLR2A
MACF1	SETBP1
MACF1	SHANK2
MACF1	STK39
MACROD2	MAGEC3
MACROD2	MUC12
MACROD2	NSD1
MACROD2	PXDN
MACROD2	RHEB
MAGEC3	MAGEL2
MAGEC3	TNPO3
MAGEL2	MAOA
MAGEL2	NEXMIF
MAGEL2	PPFIA1
MAOA	MAOB
MAOA	PHLPP1
MAOA	SRPRA
MAOA	VAMP2
MAOA	VEZF1
MAOB	MAP1A
MAOB	MYLK
MAOB	PRPF8
MAOB	PSMC5
MAOB	SATB1
MAOB	TRPM1
MAP1A	MAP1B
MAP1A	MYO1E
MAP1A	PLAA
MAP1A	PTCHD1-AS
MAP1A	SET
MAP1B	MAP4K1
MAP1B	PARD3B
MAP1B	POGZ
MAP1B	PSMC5
MAP1B	RELN
MAP1B	XPO1
MAP4K1	MAP4K4
MAP4K1	ZMYM2
MAP4K4	MAPK3
MAP4K4	PHF8
MAP4K4	TBX22
MAPK3	MAPK8IP1
MAPK3	MTF1
MAPK3	RNU5B-1
MAPK3	ZNF626
MAPK8IP1	MAPK8IP3
MAPK8IP1	MED13
MAPK8IP1	NLGN4Y
MAPK8IP1	SLC24A2
MAPK8IP1	SYP
MAPK8IP1	UNC5D
MAPK8IP1	ZBTB20
MAPK8IP3	MAPT
MAPK8IP3	NLGN1
MAPK8IP3	NRXN1
MAPK8IP3	PDE1C
MAPK8IP3	WDFY3
MAPK8IP3	ZNF804A
MAPT	MARK1
MAPT	RNU5B-1
MAPT	SETDB1
MAPT	WASF1
MAPT	WNT1
MAPT	YTHDC2
MAPT	ZBTB16
MAPT-AS1	MEGF10
MAPT-AS1	SNX5
MAPT-AS1	TBC1D23
MAPT-AS1	TBCB
MAPT-AS1	TBL1X
MAPT-AS1	ZBTB20
MAPT-AS1	ZFHX3
MARK1	MARK2
MARK1	MED13
MARK1	MSR1
MARK1	PLXNB1
MARK1	SIN3A
MARK2	MAST1
MARK2	SHANK2
MAST1	MAST3
MAST1	PACS1
MAST3	MBD1
MAST3	PAX5
MAST3	PCDHA7
MAST3	PPP2R5C
MAST3	SOX5
MBD1	MBD3
MBD1	PCDHA1
MBD1	PRKD1
MBD1	UNC79
MBD3	MBD4
MBD3	SLC12A5
MBD3	TCEAL1
MBD3	TMEM134
MBD4	MBD5
MBD4	PCDHA9
MBD4	SLC24A2
MBD5	MBD6
MBD5	MEF2C
MBD5	RFX4
MBD5	ZNF532
MBD6	MBOAT7
MBD6	SIK1
MBD6	THBS1
MBOAT7	MCM4
MBOAT7	NAV2
MBOAT7	PLXNA4
MBOAT7	SLC29A4
MBOAT7	SLC6A1
MBOAT7	SMURF1
MBOAT7	TM4SF20
MBOAT7	TRRAP
MCM4	MCM6
MCM4	MSRA
MCM4	NCAPH2
MCM4	QRICH1
MCM4	RALA
MCM4	SLC22A9
MCM4	TSPAN7
MCM6	MCPH1
MCM6	NLGN2
MCM6	QRICH1
MCPH1	MDGA2
MCPH1	PIK3R2
MCPH1	SLC25A12
MDGA2	MECP2
MDGA2	RNU4-2
MDGA2	SLC6A3
MDGA2	TRIM23
MDGA2	TSPOAP1
MECP2	MED12L
MECP2	MSRA
MECP2	PRKD1
MECP2	QRICH1
MECP2	TRPC6
MECP2	UBE2H
MECP2	ZNF385B
MED12L	MED13
MED12L	OCRL
MED12L	PTPN4
MED12L	RPS6KA2
MED12L	TET3
MED12L	TFE3
MED13	MED13L
MED13	PREX1
MED13	PRODH
MED13	TLN2
MED13L	MED23
MED13L	NLGN2
MED13L	RERE
MED13L	RNF135
MED13L	SYN1
MED23	MEF2C
MED23	MSNP1AS
MED23	QRICH1
MED23	RAB2A
MEF2C	LZTS2
MEF2C	MYLK
MEF2C	NOVA2
MEF2C	WDR26
MEGF10	MEGF11
MEGF10	MSL2
MEGF10	PPP5C
MEGF10	RANBP17
MEGF10	SENP1
MEGF10	SHANK3
MEGF11	MEIS2
MEGF11	MYO9B
MEGF11	POLR2A
MEGF11	SPTBN1
MEGF11	TEK
MEGF11	TSPAN4
MEIS2	MEMO1
MEMO1	MET
MEMO1	MLANA
MEMO1	SATB2
MEMO1	SHANK1
MEMO1	ZNF536
MEMO1	ZNF548
MET	METTL14
MET	NR2F1
MET	PBX1
MET	PDE3B
MET	SLC24A2
METTL14	METTL26
METTL14	PAK1
METTL14	POU3F3
METTL14	RGS7
METTL14	SLC25A12
METTL14	ZNF559
METTL26	MFRP
METTL26	PIK3R2
METTL26	SLC25A12
METTL26	SRGAP3
METTL26	WASF1
MFRP	MIB1
MFRP	MTSS2
MFRP	OR2T10
MFRP	PCCB
MFRP	PER1
MFRP	RLIM
MFRP	SLC22A15
MIB1	MINK1
MIB1	ROBO2
MINK1	MIR137
MINK1	PHF14
MINK1	RAD21L1
MINK1	SCN2A
MINK1	TBCK
MINK1	TRAP1
MINK1	YEATS2
MIR137	MKX
MIR137	MSANTD2
MIR137	PHLPP1
MIR137	QRICH1
MIR137	SCN1A
MIR137	SLC6A1
MKX	MLANA
MKX	TM4SF20
MKX	TSPYL2
MKX	USP24
MLANA	MRTFB
MLANA	NF1
MLANA	NIPA1
MLANA	PRKCA
MLANA	RPH3A
MNT	NDUFA5
MNT	SLC29A4
MNT	SLC4A10
MRTFB	MSANTD2
MRTFB	SASH1
MRTFB	UBE3C
MSANTD2	MSL2
MSANTD2	PRR25
MSANTD2	RNF38
MSANTD2	TRPC6
MSL2	MSL3
MSL2	NSD2
MSL2	PAH
MSL2	POMT1
MSL2	TTI2
MSL2	USP30
MSL3	MSR1
MSL3	P2RX5
MSL3	POMT1
MSL3	SLC35B1
MSNP1AS	NRCAM
MSNP1AS	RELN
MSNP1AS	SBF1
MSNP1AS	SH3RF3
MSR1	MSRA
MSR1	PSMC5
MSR1	USP27X
MSR1	VPS13B
MSRA	MSX2
MSRA	MYH9
MSRA	MYO5A
MSRA	NR2F1
MSRA	NTRK3
MSRA	PDCD1
MSRA	POLR3A
MSRA	RAPGEF4
MSRA	RIMS1
MSRA	RNF25
MSRA	RPS10P2-AS1
MSRA	SATB2
MSRA	SCN1A
MSRA	SETD1A
MSRA	SLC1A2
MSRA	TBC1D5
MSRA	TCF4
MSRA	TUBGCP5
MSRA	XRCC6
MSRA	ZBTB16
MSX2	MTF1
MSX2	TANC2
MSX2	YTHDC2
MTF1	MTHFR
MTF1	PEX7
MTF1	RANBP17
MTF1	ST8SIA2
MTHFR	MTOR
MTHFR	NF1
MTHFR	NR2F1
MTOR	MTSS2
MTOR	NBEA
MTOR	PCDH9
MTOR	SETD2
MTOR	WDFY3
MTSS2	MUC12
MTSS2	NLGN2
MTSS2	QRICH1
MUC12	MUC4
MUC12	NRXN2
MUC12	OFD1
MUC12	PCDH19
MUC4	MYCBP2
MUC4	SHANK2
MUC4	TAF6
MYCBP2	MYH10
MYCBP2	PTPRC
MYCBP2	ZNF713
MYH10	MYH4
MYH10	NPFFR2
MYH10	POLR3A
MYH10	RAD21
MYH4	MYH9
MYH9	MYLK
MYH9	PCDHA10
MYH9	SAMD11
MYH9	TRIM32
MYH9	WNK3
MYLK	MYO16
MYLK	PSMC5
MYLK	PTDSS1
MYLK	RAI1
MYO16	MYO1E
MYO16	PCCA
MYO16	PCDHA2
MYO16	PHF7
MYO16	PPP1R9B
MYO16	TRAP1
MYO16	ZFX
MYO1E	MYO5A
MYO1E	PAFAH1B2
MYO1E	SCAF4
MYO1E	SCN8A
MYO1E	SIK1
MYO1E	SSR4
MYO1E	ZBTB18
MYO5A	MYO5C
MYO5A	PDCD1
MYO5C	MYO7A
MYO5C	PCDHA2
MYO5C	SLC6A1
MYO7A	MYO9B
MYO7A	QRICH1
MYO7A	SLCO1B3
MYO7A	YWHAE
MYO9B	MYOCD
MYO9B	NSMCE3
MYO9B	ZFYVE26
MYOCD	MYT1L
MYOCD	PCDHA4
MYOCD	PRICKLE1
MYOCD	UBAP2L
MYOCD	VWA7
MYT1L	NAA10
MYT1L	SCN3A
MYT1L	TBX1
MYT1L	TLN2
NAA10	NAA15
NAA10	NPTN
NAA10	WDFY3
NAA15	NAALADL2
NAA15	PCCB
NAALADL2	NACC1
NAALADL2	PHF2
NAALADL2	WDR37
NACC1	NASP
NACC1	PARD3B
NACC1	PIK3CA
NACC1	PPFIA3
NACC1	PRKD2
NACC1	SLITRK5
NASP	NAV2
NASP	TBX1
NASP	TCF20
NASP	TCF7L2
NAV2	NAV3
NAV2	PHF8
NAV2	USP24
NAV3	NBEA
NAV3	PCDHA12
NAV3	RAB39B
NAV3	RFX3
NAV3	SOX6
NBEA	NCAPH2
NBEA	PCLO
NBEA	SLC25A12
NBEA	SPAST
NBEA	TBX1
NBEA	TSHZ1
NCAPH2	NCKAP1
NCAPH2	PTPRT
NCKAP1	NCKAP5
NCKAP1	STXBP5
NCKAP5	NCOA1
NCKAP5	QRICH1
NCKAP5	RIMS1
NCKAP5	STXBP1
NCKAP5	ZNF626
NCKAP5	ZSWIM6
NCOA1	NCOR1
NCOA1	PAH
NCOR1	NEDD4
NCOR1	SLC6A8
NDUFA5	NKX2-2
NDUFA5	SRSF11
NDUFA5	STAG1
NDUFA5	SYAP1
NEDD4	NEGR1
NEDD4	PTPRS
NEDD4	SRSF11
NEDD4	SYAP1
NEDD4	ZMYND8
NEGR1	NEO1
NEGR1	PCDHA10
NEGR1	SYCE1
NEGR1	TRIM23
NEO1	NEXMIF
NEO1	PPP3CA
NEO1	PRODH
NEO1	PSMC5
NEO1	PTPRD
NEO1	SYBU
NEXMIF	NF1
NEXMIF	POU3F3
NEXMIF	RIMS3
NEXMIF	RNF135
NEXMIF	SLC6A8
NEXMIF	TAOK2
NEXMIF	UPF3B
NF1	NFE2L3
NF1	SLCO1B3
NF1	TECTA
NF1	TTI2
NFE2L3	NFIA
NFE2L3	OPHN1
NFE2L3	PDCD1
NFE2L3	TBX22
NFE2L3	UNC13A
NFIA	NFIB
NFIA	PRKD1
NFIA	SOD1
NFIA	SOX5
NFIA	YEATS2
NFIB	NFIX
NFIB	SLC4A10
NFIX	NINL
NFIX	NUAK1
NFIX	RNF25
NFIX	SCN8A
NINL	NIPA1
NINL	PPP3CA
NINL	RAC1
NINL	SCGN
NINL	TRAF7
NIPA1	NIPA2
NIPA1	PPP1R1B
NIPA2	NIPBL
NIPA2	PABPC1
NIPA2	UBR5
NIPA2	ZMIZ1
NIPBL	NLGN1
NIPBL	SMAP2
NIPBL	ST7
NIPBL	TAF1C
NIPBL	TSPAN4
NKX2-2	NMT1
NKX2-2	NUP133
NKX2-2	P4HA2
NKX2-2	ROBO2
NKX2-2	SYN1
NKX2-2	USP9Y
NLGN1	NLGN2
NLGN1	SRPRA
NLGN1	TTI2
NLGN1	VWA7
NLGN2	NLGN3
NLGN2	SATB1
NLGN2	YEATS2
NLGN3	NLGN4X
NLGN3	PNPLA7
NLGN3	RNU2-2
NLGN3	TRAF7
NLGN4X	NLGN4Y
NLGN4X	OR2T10
NLGN4X	SCAF4
NLGN4Y	NOTCH1
NLGN4Y	PLCB1
NLGN4Y	SAMD11
NLGN4Y	TSHZ3
NMT1	NPAS2
NMT1	PDZD8
NMT1	XPO1
NOTCH1	NOVA2
NOTCH1	SLC25A12
NOTCH1	SLC38A10
NOTCH1	SNAP25
NOTCH1	TM4SF19
NOTCH1	XPC
NOVA2	NPFFR2
NOVA2	PNPLA7
NPAS2	NPAS3
NPAS2	OXTR
NPAS2	PTPN11
NPAS3	NR2F1
NPAS3	PPP1R1B
NPAS3	TCF4
NPFFR2	NPTN
NPFFR2	PCDH19
NPFFR2	TET2
NPTN	NR1D1
NPTN	P2RX5
NPTN	PAPOLG
NPTN	ZMIZ1
NR1D1	MNT
NR1D1	RNU2-2
NR1D1	TAF4
NR1D1	USP27X
NR2F1	NR3C2
NR2F1	NRXN3
NR2F1	RICTOR
NR2F1	TSHZ3
NR3C2	NR4A2
NR3C2	SYNGAP1
NR4A2	MSNP1AS
NR4A2	PATJ
NR4A2	TLK2
NRCAM	NRP2
NRCAM	PTPRC
NRCAM	RGS7
NRCAM	SERPINE1
NRCAM	TBR1
NRP2	NRXN1
NRP2	SACS
NRP2	TSPAN7
NRP2	USH2A
NRXN1	NRXN2
NRXN1	P2RX5
NRXN1	PPFIA1
NRXN1	RPH3A
NRXN1	SIN3A
NRXN1	SLC25A27
NRXN1	ZMYND11
NRXN2	NRXN3
NRXN2	OFD1
NRXN2	ZNF774
NRXN3	NSD1
NRXN3	PEX7
NRXN3	SPP2
NRXN3	SRRM2
NSD1	NSD2
NSD1	ZC3H4
NSD2	NSMCE3
NSD2	PCDHA6
NSD2	PKD1
NSD2	RHEB
NSD2	SCFD2
NSD2	TRPM3
NSMCE3	NTNG1
NSMCE3	RSRC1
NSMCE3	TBX1
NSMCE3	UIMC1
NTNG1	NTNG2
NTNG1	TANC2
NTNG2	NTRK1
NTNG2	PHIP
NTNG2	SNX5
NTRK1	NTRK2
NTRK1	VCP
NTRK1	WAC
NTRK2	NTRK3
NTRK2	POMT1
NTRK2	TERB2
NTRK3	NUAK1
NTRK3	RAI1
NTRK3	RBBP5
NTRK3	RBFOX1
NUAK1	NUDCD2
NUAK1	RPS6KA2
NUAK1	SLC23A1
NUAK1	UBAP2L
NUDCD2	NUP133
NUDCD2	PEBP4
NUDCD2	PTEN
NUDCD2	UNC13A
NUP133	NUP155
NUP133	PAK2
NUP133	PCDH19
NUP133	PRPF8
NUP133	TBC1D23
NUP155	NXF1
NUP155	SLC38A10
NUP155	SON
NUP155	YEATS2
NXF1	NXPH1
NXF1	SLC22A15
NXF1	SLC9A6
NXF1	TAOK2
NXF1	TMEM134
NXPH1	OCRL
NXPH1	PRR12
NXPH1	SETDB2
NXPH1	TDO2
NXPH1	TNRC6C
OCRL	OFD1
OCRL	PPP3CA
OCRL	SYNCRIP
OCRL	VDR
OFD1	OPHN1
OFD1	PCDH19
OPHN1	OR1C1
OPHN1	RPS6KA3
OPHN1	SIK1
OPHN1	SMAP2
OPHN1	THRA
OPHN1	TSPOAP1
OR1C1	OR2T10
OR1C1	PCDHA7
OR1C1	PLAA
OR2M4	PATJ
OR2M4	PTPRD
OR2M4	SACS
OR2M4	SLC1A1
OR2M4	STK39
OR2T10	OR52M1
OR2T10	UNC13A
OR2T10	ZBTB20
OR52M1	OTUD7A
OR52M1	PCDHAC2
OR52M1	SCN8A
OR52M1	SLC27A4
OR52M1	TAF1C
OTUD7A	OTX1
OTUD7A	VPS13B
OTX1	OXT
OTX1	SMURF1
OTX1	SOS2
OTX1	TBC1D5
OXT	OXTR
OXT	PCDHAC2
OXT	SPRY2
OXT	UPF2
OXTR	P2RX5
OXTR	SYP
OXTR	TSC2
OXTR	XRCC6
P2RX5	P4HA2
P2RX5	PPP1R9B
P2RX5	USP27X
P2RX5	XPC
P4HA2	PABPC1
P4HA2	PHF8
P4HA2	PLAUR
P4HA2	SLC35B1
P4HA2	TBC1D23
P4HA2	TSHZ1
PABPC1	PACS1
PABPC1	PTPRD
PABPC1	SLC25A27
PACS1	PACS2
PACS1	PRKCA
PACS1	SETD2
PACS1	ZMIZ1
PACS2	PAFAH1B2
PACS2	PAPOLG
PACS2	PIK3CA
PACS2	RBM27
PACS2	SETD2
PACS2	SYNGAP1
PACS2	TNRC6B
PACS2	YWHAG
PACS2	ZNF804A
PAFAH1B2	PAH
PAFAH1B2	POLA2
PAH	PAK1
PAH	RIT2
PAK1	PAK2
PAK1	PCDH19
PAK1	PCDHA11
PAK1	USP45
PAK2	PAPOLG
PAK2	SYNE1
PAPOLG	PARD3B
PAPOLG	PER2
PARD3B	OR2M4
PARD3B	PNPLA7
PARD3B	SLC38A10
PATJ	PAX5
PATJ	TRRAP
PATJ	TSPAN7
PAX5	PAX6
PAX5	SMARCA2
PAX5	TNS2
PAX6	PBX1
PAX6	RALA
PAX6	SLC38A10
PAX6	UGGT1
PBX1	PC
PBX1	TUBGCP5
PBX1	U2AF2
PBX1	ZMYM2
PC	PCCA
PC	QRICH1
PC	SLC6A8
PC	TAF6
PC	TSPOAP1
PCCA	PCCB
PCCB	PCDH10
PCCB	ZFHX3
PCDH10	PCDH11X
PCDH10	RNU5B-1
PCDH10	SNAP25
PCDH10	TBCB
PCDH10	TBCEL
PCDH11X	PCDH15
PCDH11X	PCDHAC2
PCDH11X	PPP2R5C
PCDH11X	RPL10
PCDH11X	TRIO
PCDH11X	VSIG4
PCDH15	PCDH19
PCDH15	POT1
PCDH15	PPP5C
PCDH15	PXDN
PCDH15	SLC35G1
PCDH15	ZNF18
PCDH19	PCDH9
PCDH19	SETDB2
PCDH19	SUPT16H
PCDH19	TLN2
PCDH9	PCDHA1
PCDH9	PHF21A
PCDH9	RFX7
PCDHA1	PCDHA10
PCDHA1	PRKAR1B
PCDHA1	PRKD2
PCDHA1	SLC25A12
PCDHA10	PCDHA11
PCDHA10	POMT1
PCDHA11	PCDHA12
PCDHA11	RIMS2
PCDHA11	SPTBN1
PCDHA12	PCDHA13
PCDHA12	RAC1
PCDHA12	YWHAE
PCDHA13	PCDHA2
PCDHA13	PTBP2
PCDHA13	PTK7
PCDHA13	PUF60
PCDHA13	SMARCA2
PCDHA13	UNC80
PCDHA13	ZNF536
PCDHA2	PCDHA3
PCDHA2	RHOXF1
PCDHA3	PCDHA4
PCDHA3	PLEKHA8
PCDHA3	PLXNB1
PCDHA3	TRAPPC2L
PCDHA4	PCDHA5
PCDHA4	PDE1C
PCDHA4	ZMYM3
PCDHA5	PCDHA6
PCDHA5	PDE3B
PCDHA5	QRICH1
PCDHA5	RIMS1
PCDHA5	UBE3A
PCDHA5	UBR5
PCDHA5	ZNF827
PCDHA6	PCDHA7
PCDHA6	PER2
PCDHA6	PRR14L
PCDHA6	SEMA5A
PCDHA6	SLC29A4
PCDHA7	PCDHA8
PCDHA7	POT1
PCDHA7	UBR5
PCDHA7	ZFHX4
PCDHA8	PCDHA9
PCDHA8	SPAST
PCDHA8	TRPC6
PCDHA9	PCDHAC1
PCDHA9	SDC2
PCDHA9	SENP1
PCDHAC1	PCDHAC2
PCDHAC1	SCN3A
PCDHAC1	SLC23A1
PCDHAC1	THBS1
PCDHAC1	TNS2
PCDHAC2	PCLO
PCLO	PCM1
PCLO	RAB11FIP4
PCLO	SATB1
PCLO	SETD1B
PCM1	PDCD1
PCM1	TSPAN17
PDCD1	PDE1C
PDE1C	PDE3B
PDE1C	SLC22A15
PDE1C	TRAP1
PDE1C	TRIM33
PDE1C	WNK3
PDE3B	PDHA1
PDE3B	RERE
PDE3B	SENP6
PDE3B	SETBP1
PDE3B	TBL1XR1
PDE3B	UBE2H
PDE3B	WDFY4
PDE3B	ZMYND8
PDHA1	PDK2
PDHA1	PEBP4
PDHA1	POMT1
PDHA1	SMAP2
PDHA1	ZFYVE26
PDK2	PDZD8
PDK2	REEP3
PDZD8	PEBP4
PDZD8	WDR37
PEBP4	PER1
PEBP4	PRKD2
PER1	PER2
PER1	SETD1A
PER1	SRSF11
PER1	WWP1
PER1	YWHAZ
PER2	PEX7
PER2	PHF7
PER2	TRRAP
PEX7	PHB1
PEX7	ROBO2
PEX7	STAG1
PEX7	TOP3B
PHB1	PHF12
PHB1	SLC23A1
PHB1	SUPT16H
PHB1	WDFY4
PHF12	PHF14
PHF12	POU3F3
PHF12	SORCS3
PHF12	TET3
PHF12	TFE3
PHF12	TTI2
PHF12	USP7
PHF14	PHF2
PHF14	RIMS3
PHF14	SYT17
PHF14	TSC2
PHF2	PHF21A
PHF2	SOX5
PHF2	TBL1XR1
PHF21A	PHF3
PHF21A	POLA2
PHF21A	SIN3B
PHF21A	WNT1
PHF3	PHF7
PHF3	PIK3R2
PHF3	SYCE1
PHF3	WNK3
PHF7	PHF8
PHF7	SRSF11
PHF7	VIL1
PHF8	PHIP
PHF8	PTPRT
PHIP	PHLPP1
PHIP	PTPRT
PHIP	SLC27A4
PHIP	SPTBN1
PHLPP1	PHRF1
PHLPP1	RAD21L1
PHRF1	PIK3CA
PHRF1	PPP1R9B
PHRF1	ZNF292
PIK3CA	PIK3CG
PIK3CA	PLEKHA8
PIK3CA	SIK1
PIK3CA	SRRM2
PIK3CG	PIK3R2
PIK3CG	SRGAP3
PIK3R2	PITX1
PIK3R2	RALA
PIK3R2	SNCAIP
PITX1	PJA1
PITX1	PRICKLE2
PITX1	PRPF19
PITX1	RAP1A
PITX1	SYCE1
PITX1	UBAP2L
PJA1	PKD1
PJA1	POMT1
PJA1	ST8SIA2
PKD1	PLAA
PKD1	POT1
PKD1	RNF38
PKD1	SEMA5A
PLAA	PLAUR
PLAA	SAMD11
PLAUR	PLCB1
PLAUR	SLC23A1
PLAUR	SLCO1B3
PLAUR	SRSF11
PLCB1	PLCD4
PLCB1	SENP1
PLCB1	SLC4A10
PLCB1	TOP2B
PLCB1	WASF1
PLCD4	PLEKHA8
PLEKHA8	PLN
PLN	PLPPR4
PLN	SEMA5A
PLN	TDO2
PLPPR4	PLXNA3
PLPPR4	PLXNB1
PLXNA3	PLXNA4
PLXNA3	SEMA5A
PLXNA3	ZWILCH
PLXNA4	PLXNB1
PLXNA4	SNX5
PLXNA4	ZFYVE26
PLXNB1	PNPLA7
PLXNB1	PPP3CA
PLXNB1	RELN
PLXNB1	ZNF559
PNPLA7	POGZ
PNPLA7	PRKD2
PNPLA7	PTCHD1-AS
PNPLA7	RORB
PNPLA7	UBE3C
POGZ	POLA2
POGZ	SCAF1
POGZ	STXBP1
POLA2	POLR2A
POLA2	SLC7A5
POLA2	SLITRK5
POLA2	SOX6
POLA2	VPS54
POLR2A	POLR3A
POLR2A	RAB11FIP5
POLR2A	SH3RF1
POLR3A	POMGNT1
POLR3A	TCEAL1
POLR3A	TNRC6C
POMGNT1	POMT1
POMGNT1	RAP1A
POMGNT1	SRSF11
POMGNT1	SYAP1
POMGNT1	TMEM134
POMT1	PON1
POMT1	RELN
POMT1	RFX4
POMT1	RIMS2
POMT1	RLIM
POMT1	SETDB2
POMT1	SYBU
POMT1	TM4SF19
POMT1	TOP3B
POMT1	VSIG4
POMT1	WNT1
POMT1	ZFHX3
PON1	POT1
PON1	PPP2R5D
PON1	SLC7A5
PON1	SORCS3
POT1	POU3F3
POT1	PPP2R5D
POT1	TERF2
POT1	XRCC6
POT1	ZNF559
POU3F3	PPFIA1
POU3F3	RFX4
POU3F3	TBCK
PPFIA1	PPFIA3
PPFIA1	SLC6A8
PPFIA1	SND1
PPFIA1	TRPC4
PPFIA3	PPM1D
PPFIA3	SCN3A
PPFIA3	UPF3B
PPM1D	PPP1R1B
PPM1D	SCAF1
PPM1D	TRPC5
PPP1R1B	PPP1R9B
PPP1R1B	PYHIN1
PPP1R9B	PPP2CA
PPP1R9B	PRICKLE1
PPP1R9B	PRUNE2
PPP1R9B	RPS6KA2
PPP1R9B	WAC
PPP2CA	PPP2R1B
PPP2CA	RPS10P2-AS1
PPP2CA	SAE1
PPP2CA	ZNF292
PPP2R1B	PPP2R5C
PPP2R1B	SCN9A
PPP2R5C	PPP2R5D
PPP2R5C	TAF4
PPP2R5D	PPP3CA
PPP2R5D	PSMD12
PPP2R5D	RIMS2
PPP3CA	PPP5C
PPP3CA	TBC1D23
PPP3CA	UBE3C
PPP5C	PREX1
PPP5C	SLC1A2
PREX1	PRICKLE1
PREX1	TRIM23
PRICKLE1	PRICKLE2
PRICKLE1	PSMC5
PRICKLE1	SMURF1
PRICKLE1	UPF3B
PRICKLE2	PRKAR1B
PRICKLE2	PSMC5
PRICKLE2	PTGS2
PRKAR1B	PRKCA
PRKAR1B	PUF60
PRKAR1B	SETD1B
PRKAR1B	TBCEL
PRKAR1B	TBCK
PRKAR1B	TCF7L2
PRKCA	PRKCB
PRKCA	TOP2B
PRKCB	PRKD1
PRKCB	RNU4-2
PRKD1	PRKD2
PRKD2	PRKDC
PRKD2	SMARCA4
PRKD2	SON
PRKDC	PRKN
PRKDC	SCN4A
PRKDC	TBC1D23
PRKN	PRODH
PRKN	RNF25
PRKN	STX1A
PRKN	SYCE1
PRKN	ZBTB18
PRODH	PRPF19
PRODH	PTGS2
PRODH	SLC25A12
PRPF19	PRPF39
PRPF19	SNCAIP
PRPF39	PRPF8
PRPF39	PTPN4
PRPF39	SOD1
PRPF8	PRR12
PRPF8	SMC3
PRPF8	WNK3
PRPF8	ZNF385B
PRR12	PRR14L
PRR12	USP15
PRR14L	PRR25
PRR14L	TBL1X
PRR14L	YWHAE
PRR25	PRUNE2
PRUNE2	PSD3
PRUNE2	RALA
PRUNE2	SHANK3
PSD3	PSMC5
PSD3	SENP1
PSD3	TM4SF20
PSMC5	PSMD11
PSMD11	PSMD12
PSMD11	STX1A
PSMD11	XPO1
PSMD12	PSMD6
PSMD12	SOX6
PSMD12	TNPO3
PSMD12	USP30
PSMD6	PTBP2
PTBP2	PTCHD1
PTBP2	SLC7A7
PTCHD1	PTCHD1-AS
PTCHD1	SYAP1
PTCHD1	WDR26
PTCHD1-AS	PTDSS1
PTDSS1	PTEN
PTDSS1	RAB43
PTDSS1	RHEB
PTDSS1	SGSH
PTEN	PTGS2
PTGS2	PTK7
PTGS2	SOX6
PTK7	PTPN11
PTK7	RNU2-2
PTK7	TRPM6
PTK7	WNT1
PTPN11	PTPN4
PTPN11	TM4SF20
PTPN4	PTPRB
PTPN4	SPP2
PTPRB	PTPRC
PTPRC	PTPRD
PTPRC	PUF60
PTPRC	SHOX
PTPRD	PTPRT
PTPRS	RBM27
PTPRT	PUF60
PTPRT	TNRC6C
PUF60	PXDN
PUF60	SETBP1
PUF60	SETD5
PXDN	PYHIN1
PXDN	QRICH1
PXDN	TRAPPC6B
PYHIN1	QRICH1
PYHIN1	TSPAN4
PYHIN1	WWOX
QRICH1	RAB11FIP4
QRICH1	RAI1
QRICH1	RORB
QRICH1	SCAF4
QRICH1	SHANK1
QRICH1	SHANK3
QRICH1	SLFN5
QRICH1	SNAP25
QRICH1	SRRM2
QRICH1	STXBP1
QRICH1	STYK1
QRICH1	SYBU
QRICH1	UBE3A
QRICH1	USP15
QRICH1	YWHAG
QRICH1	ZNF804A
RAB11FIP4	RAB11FIP5
RAB11FIP4	SHANK2
RAB11FIP4	ZNF827
RAB11FIP5	RAB2A
RAB2A	RAB39B
RAB2A	SYN1
RAB2A	UPF3B
RAB2A	YWHAE
RAB39B	RAB43
RAB39B	SLC25A12
RAB39B	ST8SIA2
RAB39B	SYAP1
RAB43	RAC1
RAC1	RAD21
RAC1	TRPC4
RAC1	YWHAE
RAD21	RAD21L1
RAD21	SMURF1
RAD21	STK39
RAD21L1	RAI1
RAD21L1	RPS6KA3
RAD21L1	SLC27A4
RAD21L1	SLC6A4
RAD21L1	THRA
RAD21L1	TRPC4
RAD21L1	ZNF626
RAI1	RALA
RAI1	SLC25A12
RALA	RALGAPB
RALA	TNRC6C
RALGAPB	RANBP17
RALGAPB	RORB
RANBP17	RAP1A
RANBP17	RBBP5
RANBP17	SLC9A1
RANBP17	TERB2
RAP1A	RAPGEF4
RAP1A	SCGN
RAP1A	WDFY4
RAPGEF4	RASSF5
RAPGEF4	SLC25A12
RAPGEF4	ZNF18
RASSF5	RBBP5
RASSF5	RNF38
RASSF5	SNX5
RASSF5	SOX6
RASSF5	TSC1
RBBP5	RBFOX1
RBBP5	RIMS3
RBBP5	TBCB
RBFOX1	PTPRS
RBFOX1	SCP2
RBFOX1	TRPM3
RBFOX1	USP7
RBFOX1	ZFHX3
RBM27	REEP3
RBM27	STYK1
RBM27	TM9SF4
REEP3	RELN
REEP3	RSRC1
REEP3	SLITRK2
REEP3	ZNF462
RELN	RERE
RELN	TUBGCP5
RELN	ZNF804A
RERE	RFX3
RERE	TBX1
RERE	ZBTB16
RFX3	RFX4
RFX3	RFX7
RFX3	RNU4-2
RFX4	RFX7
RFX4	SEMA5A
RFX4	TBC1D31
RFX7	RGS7
RFX7	RNU4-2
RGS7	RHEB
RGS7	SLC9A6
RGS7	TAF6
RHEB	RICTOR
RHEB	RPH3A
RHEB	TRAP1
RHEB	USP7
RHOXF1	RIT2
RHOXF1	TEK
RHOXF1	TMLHE
RHOXF1	ZNF804A
RICTOR	RIMS1
RICTOR	RLIM
RICTOR	SNX5
RICTOR	TRAF7
RICTOR	USP27X
RIMS1	RIMS2
RIMS1	SMAP2
RIMS1	ZFHX4
RIMS2	RIMS3
RIMS2	SMC1A
RIMS2	U2AF2
RIMS2	ZNF644
RIMS3	RLIM
RIT2	SCN2A
RIT2	SLC29A4
RIT2	SRSF1
RLIM	RNF135
RLIM	SLC29A4
RLIM	ST8SIA2
RNF135	RNF25
RNF135	TM9SF4
RNF135	TRAF7
RNF135	TRAP1
RNF25	RNF38
RNF38	RNU2-2
RNF38	SMARCC2
RNF38	TFB2M
RNU2-2	RNU4-2
RNU2-2	SF3B1
RNU2-2	TSC1
RNU4-2	RNU5B-1
RNU4-2	SUPT16H
RNU4-2	TAF4
RNU4-2	TBCEL
RNU5B-1	ROBO2
ROBO2	RORA
RORA	RORB
RORA	STXBP5
RORB	RPH3A
RORB	SCN8A
RP11-1407O15.2	RPL10
RP11-1407O15.2	TAF4
RP11-1407O15.2	TRRAP
RP11-1407O15.2	VCP
RPH3A	RP11-1407O15.2
RPL10	RPS6KA2
RPL10	SOX5
RPL10	STXBP5
RPL10	TRPC4
RPS10P2-AS1	SCN3A
RPS6KA2	RPS6KA3
RPS6KA2	SGSH
RPS6KA2	TOP3B
RPS6KA3	RSRC1
RSRC1	RUNX1T1
RUNX1T1	SACS
RUNX1T1	SIK1
SACS	SAE1
SAE1	SAMD11
SAE1	TBCB
SAE1	TRIM32
SAE1	TRIM33
SAMD11	SASH1
SAMD11	SCAF1
SASH1	SATB1
SASH1	SLC22A9
SATB1	SATB2
SATB1	SLC25A27
SATB1	ZC3H11A
SATB2	SBF1
SATB2	SYNCRIP
SBF1	SCAF1
SBF1	SMG6
SBF1	STXBP1
SCAF1	SCAF4
SCAF1	TBX22
SCAF1	TFE3
SCAF4	SCFD2
SCAF4	TLN2
SCFD2	SCGN
SCFD2	TAF6
SCGN	SCN1A
SCGN	TRPM7
SCGN	UGGT1
SCN1A	RHOXF1
SCN2A	RPS10P2-AS1
SCN2A	SLC12A5
SCN2A	TRIM8
SCN3A	SCN4A
SCN3A	SLC25A12
SCN3A	ZBTB16
SCN4A	SCN8A
SCN4A	SLITRK2
SCN4A	TAOK2
SCN8A	SCN9A
SCN9A	SCP2
SCP2	SDC2
SCP2	TBCEL
SDC2	SEMA5A
SDC2	TFB2M
SDC2	UNC79
SEMA5A	SENP1
SEMA5A	SETD1A
SEMA5A	ZNF827
SENP1	SENP6
SENP1	TBL1X
SENP6	SERPINE1
SENP6	VWA7
SERPINE1	SET
SET	SETBP1
SET	SMARCC2
SET	WDR5
SETBP1	SETD1A
SETBP1	SYN1
SETBP1	TLN2
SETD1A	SETD1B
SETD1A	TBC1D5
SETD1B	SETD2
SETD1B	SND1
SETD1B	TLK2
SETD1B	TNPO3
SETD2	SETD5
SETD5	SETDB1
SETD5	TAF1C
SETDB1	SETDB2
SETDB1	SLC7A3
SETDB1	TCEAL1
SETDB1	TM9SF4
SETDB2	SEZ6L2
SETDB2	SLC7A3
SETDB2	SPAST
SEZ6L2	SF3B1
SEZ6L2	SIK1
SF3B1	SGSH
SF3B1	TTN
SGSH	SGSM3
SGSH	TMLHE
SGSH	WWOX
SGSM3	SH3RF1
SGSM3	TRPM1
SH3RF1	SH3RF3
SH3RF1	SLC1A1
SH3RF1	SLC7A3
SH3RF1	TM9SF4
SH3RF1	USP9Y
SH3RF3	SHANK1
SH3RF3	SLC6A1
SH3RF3	SMC3
SH3RF3	SNAP25
SH3RF3	STYK1
SH3RF3	SYP
SHANK1	SHANK2
SHANK1	SKI
SHANK1	VPS13B
SHANK2	SHANK3
SHANK2	TSPOAP1
SHANK2	VPS13B
SHANK2	ZBTB21
SHANK3	SHOX
SHANK3	SLC25A27
SHANK3	SOS2
SHANK3	STK39
SHOX	SIK1
SIK1	SIN3A
SIN3A	SIN3B
SIN3A	SLC1A1
SIN3A	TOP2B
SIN3A	TSPOAP1
SIN3B	SKI
SIN3B	ZNF532
SKI	SLC12A5
SKI	TBCB
SLC12A5	SLC1A1
SLC12A5	TBL1X
SLC1A1	SLC1A2
SLC1A1	USP30
SLC1A1	VASH1
SLC1A2	SLC22A15
SLC1A2	SLC25A39
SLC1A2	TOP2B
SLC1A2	WNT1
SLC22A15	SLC22A9
SLC22A15	VPS54
SLC22A15	WNK3
SLC22A15	WWP1
SLC22A9	SLC23A1
SLC22A9	SLITRK5
SLC22A9	SOS2
SLC23A1	SLC24A2
SLC24A2	SLC25A12
SLC25A12	SLC25A27
SLC25A12	SPRY2
SLC25A12	TERB2
SLC25A12	TFB2M
SLC25A12	TNPO3
SLC25A12	TRPM1
SLC25A12	TSPYL2
SLC25A12	UNC13A
SLC25A12	ZFYVE26
SLC25A27	SLC25A39
SLC25A39	SLC27A4
SLC25A39	SYT1
SLC27A4	SLC29A4
SLC27A4	UGGT1
SLC27A4	ZNF827
SLC29A4	SLC35B1
SLC35B1	SLC35G1
SLC35B1	SYT1
SLC35G1	SLC38A10
SLC35G1	THBS1
SLC35G1	UBN2
SLC35G1	USP30
SLC38A10	SLC45A1
SLC45A1	SLC4A10
SLC45A1	SRSF1
SLC4A10	SLC6A1
SLC4A10	SRCAP
SLC4A10	SRRM2
SLC6A1	SLC6A3
SLC6A1	SMAD4
SLC6A1	ZNF18
SLC6A3	SLC6A4
SLC6A3	SPTBN1
SLC6A4	SLC6A8
SLC6A8	SLC7A3
SLC6A8	ZMIZ1
SLC7A3	SLC7A5
SLC7A5	SLC7A7
SLC7A5	WWOX
SLC7A7	SLC9A1
SLC9A1	SLC9A6
SLC9A1	TRIM23
SLC9A1	UIMC1
SLC9A1	XRCC6
SLC9A6	SLC9A9
SLC9A6	SPAST
SLC9A6	SYNCRIP
SLC9A6	UBE2H
SLC9A9	SLCO1B3
SLCO1B3	SLFN5
SLCO1B3	SRSF1
SLCO1B3	TSHZ1
SLCO1B3	ZC3H4
SLFN5	SLITRK2
SLITRK2	SLITRK5
SLITRK2	ZNF532
SLITRK5	SMAD4
SLITRK5	ZFX
SLITRK5	ZMYM2
SMAD4	SMAP2
SMAD4	SOX5
SMAD4	WNT1
SMAP2	SMARCA2
SMAP2	WDFY3
SMAP2	WWOX
SMAP2	ZBTB18
SMAP2	ZNF804A
SMARCA2	SMARCA4
SMARCA2	TAF1C
SMARCA4	SMARCC2
SMARCA4	SMC1A
SMARCA4	STX1A
SMARCC2	SMC1A
SMARCC2	ZNF462
SMC1A	SMC3
SMC1A	TAOK1
SMC3	SMG6
SMC3	USP24
SMG6	SMURF1
SMG6	TCF7L2
SMG6	ZMYND11
SMURF1	SNAP25
SMURF1	STYK1
SMURF1	TAF4
SNAP25	SNCAIP
SNAP25	STX1A
SNAP25	U2AF2
SNAP25	WDR5
SNCAIP	SND1
SND1	SNTG2
SNTG2	SNX14
SNTG2	USP24
SNX14	SNX5
SNX14	STAG1
SNX5	SOD1
SNX5	SPARCL1
SNX5	ZFHX3
SOD1	SON
SOD1	VSIG4
SON	SORCS3
SON	TBR1
SON	TSPAN4
SORCS3	SOS2
SORCS3	TOP3B
SOS2	SOX5
SOS2	SRPRA
SOS2	TRAPPC9
SOS2	TRPC6
SOX5	SOX6
SOX5	SYT17
SOX5	USP24
SOX6	SPARCL1
SOX6	VASH1
SPARCL1	SPAST
SPAST	SPEN
SPAST	TNRC6C
SPEN	SPP2
SPP2	SPRY2
SPP2	STXBP1
SPP2	ZFHX4
SPRY2	SPTBN1
SPRY2	ZNF644
SPTBN1	SRCAP
SRCAP	SRGAP3
SRCAP	ZBTB21
SRGAP3	SRPRA
SRGAP3	SSRP1
SRPRA	SRRM2
SRPRA	ZC3H4
SRRM2	SRSF1
SRRM2	SYAP1
SRSF1	SRSF11
SRSF1	TBL1X
SRSF1	TOP2B
SRSF11	SSR4
SSR4	SSRP1
SSR4	USP9Y
SSRP1	ST7
SSRP1	TAF4
SSRP1	TNPO3
ST7	ST8SIA2
ST7	ZNF517
ST8SIA2	STAG1
ST8SIA2	UNC79
STAG1	STX1A
STK39	STXBP5
STK39	TRPC5
STK39	TSHZ1
STX1A	STXBP1
STX1A	TRPC5
STXBP1	STK39
STXBP1	TERB2
STXBP1	ZNF18
STXBP5	STYK1
STYK1	SUPT16H
SUPT16H	SYAP1
SYAP1	SYBU
SYAP1	TBR1
SYAP1	TMEM39B
SYAP1	UBN2
SYAP1	ZBTB20
SYBU	SYCE1
SYBU	TM4SF20
SYBU	ZNF532
SYCE1	SYN1
SYCE1	WASF1
SYCE1	XPC
SYN1	SYN2
SYN2	SYNCRIP
SYN2	UIMC1
SYNCRIP	SYNE1
SYNCRIP	TDO2
SYNE1	SYNGAP1
SYNE1	UPF2
SYNGAP1	SYNJ1
SYNGAP1	TLE3
SYNGAP1	ZBTB47
SYNJ1	SYP
SYP	SYT1
SYP	TERF2
SYT1	SYT17
SYT1	UNC5D
SYT17	TAF1
TAF1	TAF1C
TAF1	UNC13A
TAF1	USH2A
TAF1C	TAF4
TAF1C	TERB2
TAF1C	ZFX
TAF4	TAF6
TAF6	TANC2
TANC2	TAOK1
TAOK1	TAOK2
TAOK1	TMEM39B
TAOK1	UNC80
TAOK1	ZFHX4
TAOK2	TBC1D23
TAOK2	TOP3B
TBC1D23	TBC1D31
TBC1D31	TBC1D5
TBC1D31	UBR5
TBC1D5	TBCEL
TBCB	TCF7L2
TBCB	UBE3A
TBCEL	TBCK
TBCEL	TBL1X
TBCEL	TM4SF20
TBCEL	USP24
TBCK	TBL1X
TBL1X	TBL1XR1
TBL1X	TMLHE
TBL1XR1	TBR1
TBL1XR1	TSC1
TBL1XR1	TUBGCP5
TBR1	TBX1
TBX1	TBX22
TBX1	TSPAN17
TBX22	TCEAL1
TBX22	TRIO
TBX22	TRPM3
TCEAL1	TCF20
TCF20	TCF4
TCF20	UPF2
TCF20	USH2A
TCF20	ZNF462
TCF4	TBCB
TCF7L2	TECTA
TCF7L2	TM4SF19
TDO2	UBE2H
TDO2	WNT1
TECTA	TEK
TECTA	TM9SF4
TEK	TERB2
TEK	ZNF385B
TERB2	TERF2
TERB2	TLN2
TERB2	WDFY3
TERF2	TET2
TERF2	ZNF517
TET2	TET3
TET3	TFB2M
TET3	ZNF462
TFB2M	TFE3
TFB2M	TMEM39B
TFB2M	TSPYL2
TFE3	TGM1
TFE3	TRIM8
TGM1	THBS1
TGM1	TTI2
THBS1	THRA
THRA	TLE3
TLE3	TLK2
TLK2	TLN2
TLN2	TM4SF19
TM4SF19	TM4SF20
TM4SF19	WWP1
TM4SF19	ZBTB20
TM4SF19	ZBTB21
TM4SF20	TM9SF4
TM4SF20	TSPAN17
TM9SF4	TMEM134
TMEM134	TMEM39B
TMEM134	TNRC6B
TMEM134	WNK3
TMEM39B	TMLHE
TMEM39B	ZBTB21
TMLHE	TNPO3
TNPO3	TNRC6B
TNRC6B	TNRC6C
TNRC6B	USP15
TNRC6B	USP27X
TNRC6B	USP45
TNRC6C	TNS2
TNRC6C	TRPM6
TNS2	TOP2B
TOP2B	TOP3B
TOP2B	UBE3C
TOP3B	TPO
TPO	TRAF7
TRAF7	TRAP1
TRAP1	TRAPPC2L
TRAP1	VASH1
TRAPPC2L	TRAPPC6B
TRAPPC6B	TRAPPC9
TRAPPC6B	TTN
TRAPPC9	TRIM23
TRAPPC9	ZMYND11
TRIM23	TRIM32
TRIM32	TRIM33
TRIM33	TRIM8
TRIM8	TRIO
TRIO	TRIP12
TRIP12	TRPC4
TRIP12	UIMC1
TRPC4	TRPC5
TRPC4	TSPAN4
TRPC4	UPF3B
TRPC5	TRPC6
TRPC5	TSPYL2
TRPC6	TRPM1
TRPC6	WWOX
TRPM1	TRPM3
TRPM3	TRPM6
TRPM6	TRPM7
TRPM6	ZFX
TRPM7	TRRAP
TRPM7	VPS54
TRPM7	XPC
TRRAP	TSC1
TSC1	TSC2
TSC1	VAMP2
TSC2	TSHZ1
TSC2	ZBTB18
TSHZ1	TSHZ3
TSHZ1	USP30
TSHZ3	TSPAN17
TSPAN17	TSPAN4
TSPAN4	TSPAN7
TSPAN4	ZNF536
TSPAN7	TSPOAP1
TSPOAP1	TSPYL2
TSPYL2	TTI2
TTI2	TTN
TTN	TUBGCP5
TTN	ZC3H11A
TUBGCP5	U2AF2
U2AF2	UBAP2L
UBAP2L	UBE3A
UBE2H	UGGT1
UBE2H	ZNF462
UBE3A	UBE3C
UBE3C	UBN2
UBN2	UBR1
UBN2	UPF2
UBR1	UBR3
UBR1	VIL1
UBR3	UBR5
UBR5	TDO2
UBR5	WDR5
UBR5	WWP1
UGGT1	UIMC1
UGGT1	ZNF292
UIMC1	UNC13A
UNC13A	UNC5D
UNC5D	UNC79
UNC79	UNC80
UNC80	UPF2
UPF2	UPF3B
UPF2	XRCC6
UPF3B	USH2A
UPF3B	VPS54
UPF3B	VSIG4
USH2A	USP15
USP15	USP24
USP24	USP27X
USP24	ZFHX3
USP27X	USP30
USP30	USP45
USP30	ZNF626
USP45	USP7
USP7	USP9X
USP9X	USP9Y
USP9X	ZBTB16
USP9Y	VAMP2
USP9Y	ZNF517
VAMP2	VASH1
VASH1	VCP
VCP	VDR
VDR	VEZF1
VDR	ZBTB47
VEZF1	VIL1
VIL1	VPS13B
VPS13B	VPS54
VPS54	VSIG4
VSIG4	VWA7
VWA7	WAC
WAC	WASF1
WAC	ZMYM2
WASF1	WDFY3
WDFY3	WDFY4
WDFY4	WDR26
WDR26	WDR37
WDR37	WDR5
WDR5	WNK3
WNK3	WNT1
WNT1	WWOX
WWOX	WWP1
WWP1	XPC
XPC	XPO1
XPO1	XRCC6
XRCC6	YEATS2
YEATS2	YTHDC2
YTHDC2	YWHAE
YWHAE	YWHAG
YWHAG	YWHAZ
YWHAZ	YY1
YY1	ZBTB16
ZBTB16	ZBTB18
ZBTB18	ZBTB20
ZBTB18	ZNF713
ZBTB20	ZBTB21
ZBTB20	ZFHX4
ZBTB21	ZBTB47
ZBTB47	ZBTB7A
ZBTB7A	ZC3H11A
ZC3H11A	ZC3H4
ZC3H4	ZFHX3
ZFHX3	ZFHX4
ZFHX4	ZFX
ZFX	ZFYVE26
ZFYVE26	ZMIZ1
ZMIZ1	ZMYM2
ZMYM2	ZMYM3
ZMYM3	ZMYND11
ZMYND11	ZMYND8
ZMYND8	ZNF18
ZNF18	ZNF292
ZNF292	ZNF385B
ZNF292	ZNF804A
ZNF385B	ZNF462
ZNF462	ZNF517
ZNF517	ZNF532
ZNF532	ZNF536
ZNF536	ZNF548
ZNF548	ZNF559
ZNF559	ZNF626
ZNF626	ZNF644
ZNF644	ZNF711
ZNF711	ZNF713
ZNF711	ZSWIM6
ZNF713	ZNF774
ZNF774	ZNF804A
ZNF804A	ZNF827
ZNF827	ZSWIM6
ZSWIM6	ZWILCH
